split,reconstruction_error,flag
train,0.0062495684,0
train,0.0153007535,0
train,0.0017559921,0
train,0.0076738633,0
train,0.011247672,0
train,0.0092258165,0
train,0.005423757,0
train,0.013776025,0
train,0.009922565,0
train,0.050736703,0
train,0.006164931,0
train,0.045851044,0
train,0.0066882195,0
train,0.0037846726,0
train,0.005717921,0
train,0.010955775,0
train,0.04976604,0
train,0.047771778,0
train,0.0046892692,0
train,0.0046165492,0
train,0.002631466,0
train,0.017087527,0
train,0.004811331,0
train,0.06025607,1
train,0.010656285,0
train,0.02225524,0
train,0.04281008,0
train,0.044125695,0
train,0.004950027,0
train,0.002076609,0
train,0.007368243,0
train,0.012199285,0
train,0.04815137,0
train,0.013283957,0
train,0.0058030994,0
train,0.004076227,0
train,0.049288467,0
train,0.0042669266,0
train,0.048210513,0
train,0.008152114,0
train,0.023504898,0
train,0.018767126,0
train,0.016149,0
train,0.04161761,0
train,0.0051556868,0
train,0.003219367,0
train,0.009514389,0
train,0.00768974,0
train,0.05079719,0
train,0.008094686,0
train,0.004993433,0
train,0.0121249985,0
train,0.008741238,0
train,0.0033625308,0
train,0.0058560227,0
train,0.013807136,0
train,0.007489511,0
train,0.050915595,0
train,0.005515554,0
train,0.0015472536,0
train,0.041180607,0
train,0.004622107,0
train,0.0069927503,0
train,0.0033780485,0
train,0.019751608,0
train,0.044526514,0
train,0.0033086985,0
train,0.015618894,0
train,0.048735876,0
train,0.0029232395,0
train,0.007756963,0
train,0.0072060023,0
train,0.011456468,0
train,0.0108904485,0
train,0.009434173,0
train,0.041822825,0
train,0.048800196,0
train,0.04956002,0
train,0.006704288,0
train,0.005209236,0
train,0.006339548,0
train,0.010316492,0
train,0.04820659,0
train,0.047144912,0
train,0.00677641,0
train,0.012212004,0
train,0.0095284395,0
train,0.0058612633,0
train,0.0054565305,0
train,0.0028607827,0
train,0.0039264355,0
train,0.046751272,0
train,0.052022472,0
train,0.015991919,0
train,0.009202447,0
train,0.04512515,0
train,0.005059536,0
train,0.0058892225,0
train,0.005512689,0
train,0.006733499,0
train,0.015179984,0
train,0.048409227,0
train,0.0026136795,0
train,0.0536163,0
train,0.0452511,0
train,0.0028174818,0
train,0.0044929255,0
train,0.057348114,1
train,0.04367903,0
train,0.005629293,0
train,0.05045869,0
train,0.0046211444,0
train,0.049286053,0
train,0.00662783,0
train,0.015513562,0
train,0.0038688846,0
train,0.003020485,0
train,0.004251112,0
train,0.00512056,0
train,0.006316483,0
train,0.0039908933,0
train,0.05065523,0
train,0.015192934,0
train,0.003922377,0
train,0.01633379,0
train,0.0050591077,0
train,0.045030303,0
train,0.0030282526,0
train,0.010782352,0
train,0.041004106,0
train,0.008011434,0
train,0.06301431,1
train,0.003140044,0
train,0.00418872,0
train,0.0016076411,0
train,0.006571005,0
train,0.054823104,0
train,0.0043450817,0
train,0.010024426,0
train,0.047198348,0
train,0.011715488,0
train,0.0038536035,0
train,0.0021043918,0
train,0.042793557,0
train,0.0142539,0
train,0.0029458764,0
train,0.069806345,1
train,0.0066141062,0
train,0.047530003,0
train,0.0143097695,0
train,0.008479957,0
train,0.05870295,1
train,0.045090016,0
train,0.062802166,1
train,0.0073037823,0
train,0.012183712,0
train,0.0043334924,0
train,0.04681282,0
train,0.008300635,0
train,0.009700668,0
train,0.028151605,0
train,0.008002986,0
train,0.0056689247,0
train,0.06429982,1
train,0.0019115846,0
train,0.052660216,0
train,0.009165437,0
train,0.00623491,0
train,0.005184069,0
train,0.0031651536,0
train,0.05445799,0
train,0.009068694,0
train,0.008535434,0
train,0.0049288906,0
train,0.046615068,0
train,0.008130073,0
train,0.007474963,0
train,0.04738328,0
train,0.006672327,0
train,0.0034341705,0
train,0.004793225,0
train,0.043033037,0
train,0.0058936453,0
train,0.027970597,0
train,0.010960606,0
train,0.01779555,0
train,0.0048612044,0
train,0.005289632,0
train,0.027217241,0
train,0.012136392,0
train,0.008833431,0
train,0.00656436,0
train,0.0064326543,0
train,0.009474641,0
train,0.0053371484,0
train,0.0056160684,0
train,0.010387569,0
train,0.0066873813,0
train,0.062549576,1
train,0.011008626,0
train,0.011311573,0
train,0.0035934376,0
train,0.002612795,0
train,0.044816114,0
train,0.005697876,0
train,0.00659186,0
train,0.054709066,0
train,0.007539388,0
train,0.007790702,0
train,0.023468273,0
train,0.044642396,0
train,0.0049061673,0
train,0.0040458664,0
train,0.025685769,0
train,0.008907013,0
train,0.044375706,0
train,0.0044390652,0
train,0.01914659,0
train,0.007830957,0
train,0.04266819,0
train,0.010018305,0
train,0.0067806933,0
train,0.011605911,0
train,0.0065975147,0
train,0.04558049,0
train,0.0423756,0
train,0.0030065917,0
train,0.0096298475,0
train,0.005800345,0
train,0.008272308,0
train,0.010623263,0
train,0.013592354,0
train,0.0076418417,0
train,0.009045259,0
train,0.009582964,0
train,0.008839352,0
train,0.0081592295,0
train,0.003526336,0
train,0.048302073,0
train,0.015331659,0
train,0.046126857,0
train,0.0047232676,0
train,0.005388612,0
train,0.009850461,0
train,0.004314799,0
train,0.014817545,0
train,0.01242232,0
train,0.005962923,0
train,0.002913555,0
train,0.0038965496,0
train,0.04460253,0
train,0.009905763,0
train,0.010464763,0
train,0.009964687,0
train,0.0138285,0
train,0.0021561864,0
train,0.0038105529,0
train,0.0104720155,0
train,0.010367499,0
train,0.013310898,0
train,0.04594933,0
train,0.008661033,0
train,0.014821403,0
train,0.0066620754,0
train,0.0047908463,0
train,0.01536358,0
train,0.0076800333,0
train,0.0019018486,0
train,0.043374237,0
train,0.051262442,0
train,0.021095214,0
train,0.012973552,0
train,0.0071539,0
train,0.015856711,0
train,0.047322944,0
train,0.01674519,0
train,0.0053089685,0
train,0.05744673,1
train,0.0068878187,0
train,0.012100613,0
train,0.041565374,0
train,0.0016787861,0
train,0.044625588,0
train,0.011235364,0
train,0.0107181445,0
train,0.016306844,0
train,0.0065052696,0
train,0.0062036198,0
train,0.049030527,0
train,0.01094736,0
train,0.0050773914,0
train,0.0139605105,0
train,0.0038569795,0
train,0.013412821,0
train,0.002554301,0
train,0.007081994,0
train,0.006847065,0
train,0.010521897,0
train,0.0077328794,0
train,0.0031851637,0
train,0.018067986,0
train,0.003214087,0
train,0.015310035,0
train,0.0027006099,0
train,0.0032499244,0
train,0.0066885673,0
train,0.0033321788,0
train,0.0021846879,0
train,0.0065180715,0
train,0.0113833975,0
train,0.003702917,0
train,0.005298039,0
train,0.003695418,0
train,0.014269525,0
train,0.010722789,0
train,0.0034721007,0
train,0.04649019,0
train,0.005783757,0
train,0.046705313,0
train,0.0056969994,0
train,0.049002714,0
train,0.011245422,0
train,0.044205803,0
train,0.008327556,0
train,0.012609471,0
train,0.008711665,0
train,0.009141891,0
train,0.0068411287,0
train,0.022284465,0
train,0.04538202,0
train,0.014694291,0
train,0.014994669,0
train,0.0043240595,0
train,0.025634304,0
train,0.0045995,0
train,0.04946409,0
train,0.0044502746,0
train,0.01328616,0
train,0.0023067053,0
train,0.010191223,0
train,0.054170065,0
train,0.008078655,0
train,0.019883022,0
train,0.0503931,0
train,0.004418542,0
train,0.02240999,0
train,0.0069975685,0
train,0.047377538,0
train,0.050745778,0
train,0.04666548,0
train,0.003637605,0
train,0.016427515,0
train,0.008161009,0
train,0.008963395,0
train,0.0036587554,0
train,0.0015661747,0
train,0.009411488,0
train,0.01713606,0
train,0.0046965834,0
train,0.015398107,0
train,0.013852623,0
train,0.06429288,1
train,0.004522814,0
train,0.049700093,0
train,0.009579204,0
train,0.0020181453,0
train,0.008139957,0
train,0.009247008,0
train,0.04699482,0
train,0.0071862238,0
train,0.014426649,0
train,0.0068417056,0
train,0.0066418992,0
train,0.0065224767,0
train,0.009257685,0
train,0.0033941544,0
train,0.015558131,0
train,0.004633258,0
train,0.0071220035,0
train,0.0100959055,0
train,0.011739866,0
train,0.013372865,0
train,0.0017658649,0
train,0.01604008,0
train,0.04749868,0
train,0.0055060177,0
train,0.010066474,0
train,0.018013127,0
train,0.009086176,0
train,0.013400283,0
train,0.010720961,0
train,0.122346096,1
train,0.0441403,0
train,0.0071561392,0
train,0.0029951185,0
train,0.011864055,0
train,0.04772552,0
train,0.0037507936,0
train,0.045164794,0
train,0.019698916,0
train,0.006469875,0
train,0.009969473,0
train,0.008604571,0
train,0.004009487,0
train,0.019676462,0
train,0.0046943687,0
train,0.0031441266,0
train,0.005739029,0
train,0.009065861,0
train,0.00508704,0
train,0.0022101454,0
train,0.0042246175,0
train,0.007741519,0
train,0.018059248,0
train,0.0095893415,0
train,0.04383372,0
train,0.071672186,1
train,0.0048652757,0
train,0.0034063226,0
train,0.005381305,0
train,0.005716824,0
train,0.0023518847,0
train,0.014814232,0
train,0.004814814,0
train,0.019280788,0
train,0.051712412,0
train,0.060493298,1
train,0.0498235,0
train,0.018929357,0
train,0.06506272,1
train,0.008923418,0
train,0.045849543,0
train,0.007997792,0
train,0.0062764073,0
train,0.010468003,0
train,0.021923097,0
train,0.011689937,0
train,0.005025751,0
train,0.008093601,0
train,0.043988384,0
train,0.004632922,0
train,0.0053594112,0
train,0.043773565,0
train,0.017216396,0
train,0.04991811,0
train,0.008740449,0
train,0.047352947,0
train,0.014073125,0
train,0.042286634,0
train,0.010830386,0
train,0.010170633,0
train,0.0018749557,0
train,0.054797407,0
train,0.0070515685,0
train,0.012085705,0
train,0.0053667515,0
train,0.0022113794,0
train,0.048986454,0
train,0.0030445673,0
train,0.0073660477,0
train,0.007250779,0
train,0.012631389,0
train,0.0039664907,0
train,0.05112268,0
train,0.0038511842,0
train,0.04993455,0
train,0.05386657,0
train,0.0038177383,0
train,0.013880848,0
train,0.04923008,0
train,0.050565127,0
train,0.0034037859,0
train,0.042059608,0
train,0.0127895335,0
train,0.0031779646,0
train,0.008715387,0
train,0.025603576,0
train,0.010881218,0
train,0.0049952315,0
train,0.010705875,0
train,0.0030622762,0
train,0.050499666,0
train,0.045293167,0
train,0.021903625,0
train,0.0055290763,0
train,0.007917673,0
train,0.04831363,0
train,0.008665496,0
train,0.00942761,0
train,0.0035899058,0
train,0.005903582,0
train,0.010512777,0
train,0.0045168186,0
train,0.049113784,0
train,0.009819543,0
train,0.0038584378,0
train,0.0041613528,0
train,0.0072220024,0
train,0.004861713,0
train,0.011225029,0
train,0.005449412,0
train,0.0050945277,0
train,0.015086607,0
train,0.04914023,0
train,0.043412495,0
train,0.011815809,0
train,0.0062916116,0
train,0.0081179775,0
train,0.047267057,0
train,0.04370346,0
train,0.04636926,0
train,0.049251962,0
train,0.044334423,0
train,0.0104910275,0
train,0.006922707,0
train,0.041570403,0
train,0.059561003,1
train,0.014540212,0
train,0.0049422346,0
train,0.013373814,0
train,0.0037843785,0
train,0.006531081,0
train,0.019559411,0
train,0.06779343,1
train,0.0067945635,0
train,0.0080936225,0
train,0.042509135,0
train,0.056880817,1
train,0.00980048,0
train,0.0024796117,0
train,0.04127393,0
train,0.03526331,0
train,0.0052134497,0
train,0.0069358866,0
train,0.005320717,0
train,0.050062645,0
train,0.055892363,1
train,0.063499086,1
train,0.0025349366,0
train,0.0020742777,0
train,0.0128705315,0
train,0.010375741,0
train,0.010714732,0
train,0.0060492223,0
train,0.047752913,0
train,0.011588361,0
train,0.00556817,0
train,0.013059359,0
train,0.005565501,0
train,0.009541089,0
train,0.010443511,0
train,0.0019384748,0
train,0.013044605,0
train,0.059649542,1
train,0.0013073063,0
train,0.014416349,0
train,0.0021852297,0
train,0.050265845,0
train,0.004805229,0
train,0.004098309,0
train,0.048670772,0
train,0.046318263,0
train,0.0017660349,0
train,0.022794938,0
train,0.008587284,0
train,0.0062417923,0
train,0.049687125,0
train,0.051686265,0
train,0.013819132,0
train,0.042085625,0
train,0.016229773,0
train,0.02482707,0
train,0.0017587438,0
train,0.015089811,0
train,0.04529144,0
train,0.043850385,0
train,0.005649594,0
train,0.011555854,0
train,0.024596995,0
train,0.051043607,0
train,0.014962374,0
train,0.012048296,0
train,0.013282785,0
train,0.0146148745,0
train,0.0039014497,0
train,0.009127545,0
train,0.05352191,0
train,0.010503876,0
train,0.013445483,0
train,0.0048126136,0
train,0.030149236,0
train,0.045758914,0
train,0.027970836,0
train,0.0047321143,0
train,0.01448547,0
train,0.05512564,0
train,0.009014761,0
train,0.005145776,0
train,0.049507394,0
train,0.008837682,0
train,0.05155404,0
train,0.0026114625,0
train,0.00263136,0
train,0.008640691,0
train,0.0044022375,0
train,0.05159065,0
train,0.013851647,0
train,0.0074008764,0
train,0.0081637995,0
train,0.0076858527,0
train,0.013288754,0
train,0.0047078747,0
train,0.004318144,0
train,0.057699412,1
train,0.008454087,0
train,0.003970879,0
train,0.0067229755,0
train,0.004785012,0
train,0.045246094,0
train,0.013909737,0
train,0.009455783,0
train,0.051241297,0
train,0.01336111,0
train,0.0072154887,0
train,0.016091978,0
train,0.04819339,0
train,0.011058829,0
train,0.004676629,0
train,0.046721283,0
train,0.044318613,0
train,0.057579488,1
train,0.0037923292,0
train,0.003985795,0
train,0.0127918925,0
train,0.04249146,0
train,0.012130679,0
train,0.057819787,1
train,0.048260957,0
train,0.005909119,0
train,0.002486986,0
train,0.012086403,0
train,0.009478029,0
train,0.0018102993,0
train,0.01444384,0
train,0.004629769,0
train,0.006281619,0
train,0.011281843,0
train,0.007933747,0
train,0.017170139,0
train,0.005805933,0
train,0.0057043736,0
train,0.0023662266,0
train,0.04660046,0
train,0.0030563984,0
train,0.008326981,0
train,0.01058963,0
train,0.0073622437,0
train,0.012146052,0
train,0.042435884,0
train,0.0020483844,0
train,0.012508525,0
train,0.0099015115,0
train,0.0072108693,0
train,0.04227363,0
train,0.008741653,0
train,0.00306251,0
train,0.008449634,0
train,0.027945908,0
train,0.011209638,0
train,0.005294647,0
train,0.0043617296,0
train,0.011018809,0
train,0.04486558,0
train,0.006263955,0
train,0.006316644,0
train,0.04983284,0
train,0.009877336,0
train,0.047503248,0
train,0.008001194,0
train,0.008579284,0
train,0.0024560436,0
train,0.0039532273,0
train,0.009634984,0
train,0.011531296,0
train,0.011520276,0
train,0.01038756,0
train,0.027870988,0
train,0.013508458,0
train,0.04514806,0
train,0.041822024,0
train,0.008254561,0
train,0.060506325,1
train,0.0019609719,0
train,0.0017515542,0
train,0.0088578,0
train,0.014502985,0
train,0.003897734,0
train,0.009979206,0
train,0.0035021435,0
train,0.013578956,0
train,0.008162206,0
train,0.006969509,0
train,0.006315612,0
train,0.025998522,0
train,0.07243997,1
train,0.0031021002,0
train,0.0033385097,0
train,0.0032867687,0
train,0.011701002,0
train,0.004937731,0
train,0.0065212483,0
train,0.004913978,0
train,0.025716092,0
train,0.008519435,0
train,0.007959378,0
train,0.018748883,0
train,0.0056139547,0
train,0.050670728,0
train,0.0024939221,0
train,0.041382447,0
train,0.0044156965,0
train,0.015146081,0
train,0.0022406373,0
train,0.002228481,0
train,0.010511033,0
train,0.04708668,0
train,0.0031958555,0
train,0.0044023436,0
train,0.0060232985,0
train,0.0421262,0
train,0.0038904508,0
train,0.022057837,0
train,0.02059933,0
train,0.030091379,0
train,0.006660155,0
train,0.016097147,0
train,0.005935749,0
train,0.006362855,0
train,0.011918163,0
train,0.01305109,0
train,0.06245383,1
train,0.045241702,0
train,0.022387523,0
train,0.0021864662,0
train,0.011252019,0
train,0.04598882,0
train,0.011331204,0
train,0.009502587,0
train,0.0014499824,0
train,0.009887749,0
train,0.004841626,0
train,0.016421711,0
train,0.004259681,0
train,0.010863241,0
train,0.04434107,0
train,0.011534066,0
train,0.0033562055,0
train,0.009191788,0
train,0.0052488274,0
train,0.063963145,1
train,0.010023513,0
train,0.04276341,0
train,0.010477046,0
train,0.05754617,1
train,0.044819605,0
train,0.005786559,0
train,0.004724678,0
train,0.042687837,0
train,0.004622283,0
train,0.0059401016,0
train,0.023386514,0
train,0.0070370007,0
train,0.0067258193,0
train,0.003835561,0
train,0.011936655,0
train,0.01024526,0
train,0.009009199,0
train,0.059945084,1
train,0.0056877197,0
train,0.007636504,0
train,0.010017792,0
train,0.009647391,0
train,0.01593168,0
train,0.0041338904,0
train,0.055052754,0
train,0.0070872027,0
train,0.007166168,0
train,0.004067121,0
train,0.018331153,0
train,0.006585905,0
train,0.04222598,0
train,0.011614194,0
train,0.045356467,0
train,0.04490756,0
train,0.010175798,0
train,0.0035684663,0
train,0.012183955,0
train,0.043714624,0
train,0.008637183,0
train,0.051508836,0
train,0.047302295,0
train,0.015950901,0
train,0.016625185,0
train,0.0093986625,0
train,0.047148667,0
train,0.013044097,0
train,0.008420928,0
train,0.0029310512,0
train,0.026314069,0
train,0.00790908,0
train,0.013291211,0
train,0.0065536406,0
train,0.0047701225,0
train,0.044400197,0
train,0.046862308,0
train,0.013694447,0
train,0.058483623,1
train,0.008321249,0
train,0.0048690396,0
train,0.012402176,0
train,0.0020875763,0
train,0.064015366,1
train,0.05067929,0
train,0.0073519144,0
train,0.03317152,0
train,0.008814061,0
train,0.0112742325,0
train,0.0033060377,0
train,0.04721303,0
train,0.06913195,1
train,0.0082372045,0
train,0.010596457,0
train,0.017655179,0
train,0.008673882,0
train,0.004776104,0
train,0.008403735,0
train,0.024008896,0
train,0.002905354,0
train,0.007832443,0
train,0.0058283075,0
train,0.004318212,0
train,0.003095801,0
train,0.006527043,0
train,0.04509503,0
train,0.014653116,0
train,0.015276129,0
train,0.0137093505,0
train,0.009794417,0
train,0.012791698,0
train,0.0512321,0
train,0.0074219657,0
train,0.008567918,0
train,0.016782625,0
train,0.015759679,0
train,0.005850188,0
train,0.006238772,0
train,0.014343101,0
train,0.011309052,0
train,0.006841144,0
train,0.013842638,0
train,0.045136075,0
train,0.047271684,0
train,0.0071035777,0
train,0.0074423673,0
train,0.023075711,0
train,0.058406018,1
train,0.014555839,0
train,0.048224673,0
train,0.030493557,0
train,0.015544337,0
train,0.0035126347,0
train,0.0047703357,0
train,0.023019401,0
train,0.013343814,0
train,0.045715127,0
train,0.013369478,0
train,0.003176704,0
train,0.010862283,0
train,0.008608337,0
train,0.0038131634,0
train,0.008849807,0
train,0.04820422,0
train,0.007921381,0
train,0.012774447,0
train,0.02236825,0
train,0.00346609,0
train,0.049141504,0
train,0.0056545157,0
train,0.0026869646,0
train,0.041863542,0
train,0.048162688,0
train,0.008721395,0
train,0.0030596005,0
train,0.009032429,0
train,0.0038873747,0
train,0.0013478673,0
train,0.014585424,0
train,0.0075637912,0
train,0.003305318,0
train,0.011048815,0
train,0.010288205,0
train,0.004477676,0
train,0.009493565,0
train,0.044528335,0
train,0.0022627763,0
train,0.014599826,0
train,0.0077927113,0
train,0.011793914,0
train,0.0041613644,0
train,0.0052482216,0
train,0.0024508953,0
train,0.005424696,0
train,0.020428434,0
train,0.039724257,0
train,0.004354751,0
train,0.005112273,0
train,0.0542618,0
train,0.04566081,0
train,0.009904982,0
train,0.00943292,0
train,0.04511132,0
train,0.0047067963,0
train,0.004478107,0
train,0.052689184,0
train,0.005672528,0
train,0.054774426,0
train,0.0037471792,0
train,0.005017312,0
train,0.0019846829,0
train,0.011997074,0
train,0.014496074,0
train,0.016917353,0
train,0.007258327,0
train,0.05621278,1
train,0.045610037,0
train,0.008076603,0
train,0.0040632575,0
train,0.031353023,0
train,0.0034998548,0
train,0.010776669,0
train,0.043312844,0
train,0.01101861,0
train,0.0053792447,0
train,0.004341714,0
train,0.009269634,0
train,0.05987968,1
train,0.0034704644,0
train,0.046916176,0
train,0.005358371,0
train,0.025144843,0
train,0.005133539,0
train,0.051359445,0
train,0.006033535,0
train,0.052562695,0
train,0.004228957,0
train,0.005674434,0
train,0.006876186,0
train,0.012423195,0
train,0.05523274,1
train,0.012880352,0
train,0.009018302,0
train,0.050018534,0
train,0.0125664,0
train,0.010445573,0
train,0.008564155,0
train,0.00863742,0
train,0.005028133,0
train,0.005262184,0
train,0.0152568985,0
train,0.005375643,0
train,0.0031041037,0
train,0.010026292,0
train,0.048364695,0
train,0.0072192396,0
train,0.010458251,0
train,0.009675141,0
train,0.060628727,1
train,0.004634582,0
train,0.048447352,0
train,0.012934823,0
train,0.011162721,0
train,0.002837748,0
train,0.04921351,0
train,0.011722061,0
train,0.005989272,0
train,0.04416565,0
train,0.017572107,0
train,0.002395974,0
train,0.011025928,0
train,0.050226483,0
train,0.007415719,0
train,0.010040798,0
train,0.009707558,0
train,0.007253654,0
train,0.0074510113,0
train,0.007693044,0
train,0.035222188,0
train,0.05055768,0
train,0.002804328,0
train,0.047688216,0
train,0.0076305773,0
train,0.015706286,0
train,0.0038569348,0
train,0.023191268,0
train,0.0050220815,0
train,0.05126347,0
train,0.009484837,0
train,0.012973543,0
train,0.015437725,0
train,0.06245254,1
train,0.0473187,0
train,0.010848626,0
train,0.07068893,1
train,0.0051398766,0
train,0.0043925303,0
train,0.018871028,0
train,0.024003377,0
train,0.007906327,0
train,0.006404331,0
train,0.0054529156,0
train,0.002478948,0
train,0.009923998,0
train,0.0018333,0
train,0.010773542,0
train,0.010132793,0
train,0.053635124,0
train,0.004004696,0
train,0.007318524,0
train,0.014516644,0
train,0.0091453185,0
train,0.0031525432,0
train,0.015708704,0
train,0.004859217,0
train,0.041714504,0
train,0.012018114,0
train,0.013997417,0
train,0.04536429,0
train,0.0279588,0
train,0.0153242815,0
train,0.0028338886,0
train,0.047365498,0
train,0.0059791417,0
train,0.035214752,0
train,0.00753176,0
train,0.007547323,0
train,0.007739919,0
train,0.0066045644,0
train,0.0032139476,0
train,0.006201078,0
train,0.006219091,0
train,0.0033701018,0
train,0.008015793,0
train,0.0065114098,0
train,0.0012338706,0
train,0.061931305,1
train,0.04581053,0
train,0.050096925,0
train,0.0058668996,0
train,0.01462332,0
train,0.006736586,0
train,0.0026206123,0
train,0.052115105,0
train,0.0046175835,0
train,0.017828597,0
train,0.0028638318,0
train,0.008924862,0
train,0.057164144,1
train,0.048921432,0
train,0.04884369,0
train,0.024615966,0
train,0.01086529,0
train,0.04558914,0
train,0.0069954116,0
train,0.006699948,0
train,0.003815383,0
train,0.0070547843,0
train,0.0065963566,0
train,0.008095521,0
train,0.0468828,0
train,0.047143564,0
train,0.0019312443,0
train,0.009778485,0
train,0.007656645,0
train,0.019802513,0
train,0.004939182,0
train,0.017793305,0
train,0.0104568275,0
train,0.042786952,0
train,0.008505353,0
train,0.050699733,0
train,0.009521082,0
train,0.007956464,0
train,0.0017921667,0
train,0.007455517,0
train,0.008674798,0
train,0.026159236,0
train,0.005769825,0
train,0.00887771,0
train,0.006526559,0
train,0.0039094104,0
train,0.006903747,0
train,0.04875849,0
train,0.012335474,0
train,0.022955649,0
train,0.0073716976,0
train,0.044748683,0
train,0.0087434575,0
train,0.018148733,0
train,0.013739757,0
train,0.0038048597,0
train,0.005021577,0
train,0.0054624663,0
train,0.05277843,0
train,0.008890504,0
train,0.0035878012,0
train,0.013320497,0
train,0.008038973,0
train,0.007990957,0
train,0.007218052,0
train,0.0031396179,0
train,0.0022139132,0
train,0.005955434,0
train,0.0060387617,0
train,0.007819532,0
train,0.006043283,0
train,0.0064993,0
train,0.007115236,0
train,0.011635311,0
train,0.047557678,0
train,0.04776493,0
train,0.045769617,0
train,0.04796151,0
train,0.042605486,0
train,0.017673627,0
train,0.004707155,0
train,0.0034470728,0
train,0.01169671,0
train,0.004609893,0
train,0.0046507693,0
train,0.01391578,0
train,0.045263465,0
train,0.0048416103,0
train,0.04580063,0
train,0.012118209,0
train,0.003361865,0
train,0.077089176,1
train,0.0064761466,0
train,0.058753625,1
train,0.01935669,0
train,0.008531866,0
train,0.012475366,0
train,0.009890195,0
train,0.0056497944,0
train,0.056294896,1
train,0.014190481,0
train,0.055720285,1
train,0.003128334,0
train,0.004114649,0
train,0.013740583,0
train,0.053862616,0
train,0.04441123,0
train,0.003017353,0
train,0.008588448,0
train,0.0018470715,0
train,0.051323913,0
train,0.061876096,1
train,0.0033387013,0
train,0.050429508,0
train,0.01916809,0
train,0.005591148,0
train,0.00966892,0
train,0.0048802616,0
train,0.01990126,0
train,0.0075675957,0
train,0.0039697294,0
train,0.0095625715,0
train,0.006740272,0
train,0.04889348,0
train,0.0045576864,0
train,0.0037636352,0
train,0.0114167305,0
train,0.0053376793,0
train,0.016185358,0
train,0.008639908,0
train,0.047908578,0
train,0.07869766,1
train,0.0033311606,0
train,0.009282519,0
train,0.013858609,0
train,0.04602778,0
train,0.050095554,0
train,0.0054926355,0
train,0.006197829,0
train,0.003040919,0
train,0.013077809,0
train,0.010294067,0
train,0.008995098,0
train,0.0107853245,0
train,0.0062857065,0
train,0.0061168806,0
train,0.029310318,0
train,0.0067368355,0
train,0.013345236,0
train,0.0059286775,0
train,0.016814414,0
train,0.04643874,0
train,0.0063700066,0
train,0.005447364,0
train,0.010779292,0
train,0.061532922,1
train,0.0019256338,0
train,0.010618019,0
train,0.02170723,0
train,0.046938907,0
train,0.005943036,0
train,0.0087936735,0
train,0.05978413,1
train,0.0058843605,0
train,0.0060169906,0
train,0.01069075,0
train,0.007418041,0
train,0.05098828,0
train,0.011250857,0
train,0.01302699,0
train,0.0030963817,0
train,0.0069198627,0
train,0.0035833048,0
train,0.0107225645,0
train,0.013769321,0
train,0.05276017,0
train,0.004898523,0
train,0.005447422,0
train,0.014010371,0
train,0.0035833202,0
train,0.051231846,0
train,0.009026543,0
train,0.011787637,0
train,0.012468798,0
train,0.04582335,0
train,0.004386639,0
train,0.04818449,0
train,0.010619895,0
train,0.04450576,0
train,0.012261625,0
train,0.01404191,0
train,0.025538769,0
train,0.0035225677,0
train,0.008241623,0
train,0.0040946067,0
train,0.052184764,0
train,0.05035618,0
train,0.012497064,0
train,0.016838353,0
train,0.015730817,0
train,0.04141619,0
train,0.07770004,1
train,0.04888322,0
train,0.004258754,0
train,0.004464972,0
train,0.004489543,0
train,0.015089392,0
train,0.01416775,0
train,0.004035982,0
train,0.045140963,0
train,0.04378731,0
train,0.046115026,0
train,0.046299785,0
train,0.006753686,0
train,0.005918389,0
train,0.007609012,0
train,0.057162777,1
train,0.00292822,0
train,0.053261403,0
train,0.012194024,0
train,0.004974793,0
train,0.0024518128,0
train,0.052185014,0
train,0.0060713305,0
train,0.018751172,0
train,0.052164294,0
train,0.012813013,0
train,0.010502834,0
train,0.008794779,0
train,0.08188578,1
train,0.009489671,0
train,0.025222497,0
train,0.008265776,0
train,0.011889238,0
train,0.014707505,0
train,0.003478066,0
train,0.0076725427,0
train,0.0025548341,0
train,0.04875999,0
train,0.055231456,1
train,0.0058648926,0
train,0.0067167063,0
train,0.011548007,0
train,0.04411146,0
train,0.050519556,0
train,0.029020004,0
train,0.04461627,0
train,0.017741682,0
train,0.008893877,0
train,0.016374458,0
train,0.0056313425,0
train,0.04653146,0
train,0.0063141347,0
train,0.045914188,0
train,0.0025608302,0
train,0.0044474597,0
train,0.011330082,0
train,0.013000217,0
train,0.047772083,0
train,0.005317907,0
train,0.01618714,0
train,0.008776372,0
train,0.0035305824,0
train,0.012126745,0
train,0.0077489875,0
train,0.012191946,0
train,0.04632241,0
train,0.0066562085,0
train,0.012067274,0
train,0.005855892,0
train,0.002770133,0
train,0.05296692,0
train,0.003956728,0
train,0.0029362864,0
train,0.0028863186,0
train,0.007299475,0
train,0.025241695,0
train,0.01710852,0
train,0.008358049,0
train,0.044634297,0
train,0.048131272,0
train,0.043925952,0
train,0.052878246,0
train,0.0039400775,0
train,0.050656166,0
train,0.009255001,0
train,0.0372551,0
train,0.0028976703,0
train,0.0013481985,0
train,0.04907342,0
train,0.013938881,0
train,0.051587448,0
train,0.08172496,1
train,0.0076875496,0
train,0.05108573,0
train,0.0110607995,0
train,0.015796412,0
train,0.0101208575,0
train,0.0027937344,0
train,0.0057098474,0
train,0.0035746691,0
train,0.004035811,0
train,0.0045983936,0
train,0.0034334543,0
train,0.044183016,0
train,0.06272798,1
train,0.04201603,0
train,0.01157939,0
train,0.047697566,0
train,0.010060403,0
train,0.012073436,0
train,0.007802176,0
train,0.0054748342,0
train,0.007597342,0
train,0.00756992,0
train,0.043755908,0
train,0.0041812155,0
train,0.044422187,0
train,0.017080016,0
train,0.012709691,0
train,0.0028592995,0
train,0.011150959,0
train,0.047533587,0
train,0.0066954796,0
train,0.099964164,1
train,0.004462418,0
train,0.0057537914,0
train,0.0034557553,0
train,0.00759296,0
train,0.002404722,0
train,0.023662334,0
train,0.0024291081,0
train,0.008372165,0
train,0.015966177,0
train,0.0042107827,0
train,0.017230311,0
train,0.00570809,0
train,0.007906836,0
train,0.0063143284,0
train,0.007151333,0
train,0.035117656,0
train,0.06990108,1
train,0.04195465,0
train,0.005241071,0
train,0.04758581,0
train,0.019759245,0
train,0.0151931,0
train,0.05004159,0
train,0.0066033835,0
train,0.032990683,0
train,0.048848625,0
train,0.049245693,0
train,0.010345268,0
train,0.0060508223,0
train,0.00700462,0
train,0.006096715,0
train,0.011615617,0
train,0.010003363,0
train,0.050640512,0
train,0.04553981,0
train,0.0022738366,0
train,0.007453258,0
train,0.043154694,0
train,0.04616784,0
train,0.015759015,0
train,0.0094097,0
train,0.010567227,0
train,0.0024687229,0
train,0.0062155253,0
train,0.009913674,0
train,0.05960516,1
train,0.006062772,0
train,0.008002011,0
train,0.0022465554,0
train,0.0017348571,0
train,0.0052043255,0
train,0.047374185,0
train,0.015393561,0
train,0.013358586,0
train,0.011801813,0
train,0.04551917,0
train,0.010168748,0
train,0.0074543483,0
train,0.023739783,0
train,0.004984073,0
train,0.0064877216,0
train,0.0044705854,0
train,0.008573467,0
train,0.0042311717,0
train,0.0020445173,0
train,0.04855888,0
train,0.063774325,1
train,0.016889185,0
train,0.05103535,0
train,0.010519393,0
train,0.0014051693,0
train,0.0060074925,0
train,0.004723916,0
train,0.0050877254,0
train,0.013935227,0
train,0.043193277,0
train,0.012437247,0
train,0.008690225,0
train,0.0062514967,0
train,0.020936722,0
train,0.014665588,0
train,0.0052461904,0
train,0.0019041683,0
train,0.009621255,0
train,0.051919192,0
train,0.01150747,0
train,0.0020860813,0
train,0.003444165,0
train,0.008304926,0
train,0.048537683,0
train,0.008846811,0
train,0.00962959,0
train,0.0034790302,0
train,0.0055117137,0
train,0.0115425205,0
train,0.014447119,0
train,0.010410504,0
train,0.007667759,0
train,0.010904264,0
train,0.0031291505,0
train,0.0021207214,0
train,0.011620377,0
train,0.007592799,0
train,0.0032833805,0
train,0.014381363,0
train,0.08011181,1
train,0.0050266534,0
train,0.04996233,0
train,0.013893271,0
train,0.005574988,0
train,0.08453056,1
train,0.010270841,0
train,0.011561734,0
train,0.042711526,0
train,0.04216591,0
train,0.022963924,0
train,0.013615162,0
train,0.009900326,0
train,0.005318177,0
train,0.012064615,0
train,0.012381301,0
train,0.006884464,0
train,0.003142902,0
train,0.0027600285,0
train,0.0510283,0
train,0.004963492,0
train,0.0056632455,0
train,0.05307303,0
train,0.0145746935,0
train,0.0051953914,0
train,0.045392103,0
train,0.0051892214,0
train,0.008002712,0
train,0.0063731465,0
train,0.04569072,0
train,0.012155068,0
train,0.006527085,0
train,0.00213332,0
train,0.0032935154,0
train,0.0052890675,0
train,0.0063288896,0
train,0.013846781,0
train,0.042967763,0
train,0.0060747955,0
train,0.0045458255,0
train,0.015105125,0
train,0.019734273,0
train,0.0507298,0
train,0.046985283,0
train,0.016674826,0
train,0.00876732,0
train,0.045691304,0
train,0.012805403,0
train,0.0068169935,0
train,0.0072361003,0
train,0.042606127,0
train,0.04597898,0
train,0.016292794,0
train,0.014889627,0
train,0.005933113,0
train,0.0058619017,0
train,0.028693847,0
train,0.0048204106,0
train,0.072278425,1
train,0.041511267,0
train,0.00783358,0
train,0.031087277,0
train,0.04910912,0
train,0.13841146,1
train,0.005427865,0
train,0.007827651,0
train,0.042736802,0
train,0.013300176,0
train,0.048449565,0
train,0.030608272,0
train,0.009338915,0
train,0.004810168,0
train,0.0017707046,0
train,0.0034117869,0
train,0.05181317,0
train,0.02605705,0
train,0.0064377026,0
train,0.0065253437,0
train,0.0052667987,0
train,0.008962554,0
train,0.061003655,1
train,0.009771254,0
train,0.013276433,0
train,0.009003051,0
train,0.0033418813,0
train,0.004615074,0
train,0.004822464,0
train,0.043842986,0
train,0.0224105,0
train,0.012273285,0
train,0.022670664,0
train,0.009152465,0
train,0.05334461,0
train,0.009821425,0
train,0.046282444,0
train,0.010468765,0
train,0.0056751757,0
train,0.005622912,0
train,0.010366986,0
train,0.01307938,0
train,0.032731373,0
train,0.06956546,1
train,0.012119771,0
train,0.042863213,0
train,0.046753597,0
train,0.010851541,0
train,0.045824442,0
train,0.0018709293,0
train,0.016897649,0
train,0.0032458692,0
train,0.0070036035,0
train,0.002912789,0
train,0.010209964,0
train,0.006597248,0
train,0.008805797,0
train,0.051232476,0
train,0.007143067,0
train,0.0040899683,0
train,0.0642807,1
train,0.005680496,0
train,0.046294183,0
train,0.0064995587,0
train,0.055934023,1
train,0.05134953,0
train,0.0064085997,0
train,0.0057942625,0
train,0.0041879187,0
train,0.009772255,0
train,0.0029578882,0
train,0.014788785,0
train,0.009667383,0
train,0.008096225,0
train,0.048616644,0
train,0.045295957,0
train,0.005745323,0
train,0.011590157,0
train,0.0066617467,0
train,0.008262968,0
train,0.003163497,0
train,0.011899382,0
train,0.005373171,0
train,0.050368644,0
train,0.003910186,0
train,0.017345397,0
train,0.043707326,0
train,0.009341901,0
train,0.008798308,0
train,0.0047637867,0
train,0.047408037,0
train,0.020400448,0
train,0.011666992,0
train,0.009277259,0
train,0.009868091,0
train,0.0102664055,0
train,0.0023519734,0
train,0.052118916,0
train,0.008571713,0
train,0.049404964,0
train,0.0030773985,0
train,0.0036621916,0
train,0.0058292085,0
train,0.010337809,0
train,0.008057459,0
train,0.05246128,0
train,0.008550459,0
train,0.01765384,0
train,0.0043523842,0
train,0.004687146,0
train,0.04546618,0
train,0.055181686,0
train,0.009204057,0
train,0.0028711145,0
train,0.019484522,0
train,0.02019489,0
train,0.0029289534,0
train,0.01527197,0
train,0.014511631,0
train,0.0048748185,0
train,0.0032074198,0
train,0.0038274392,0
train,0.047078203,0
train,0.017766984,0
train,0.043646332,0
train,0.0081974715,0
train,0.029006632,0
train,0.04210328,0
train,0.0037136588,0
train,0.050090447,0
train,0.01917828,0
train,0.004484238,0
train,0.013239742,0
train,0.002487762,0
train,0.014863609,0
train,0.08011747,1
train,0.022118097,0
train,0.0062150084,0
train,0.0062533277,0
train,0.0046772268,0
train,0.04195166,0
train,0.011522073,0
train,0.0014947983,0
train,0.019078016,0
train,0.058899764,1
train,0.044990066,0
train,0.007356882,0
train,0.015239466,0
train,0.0050231013,0
train,0.07058858,1
train,0.049786888,0
train,0.010834804,0
train,0.0041120457,0
train,0.0064248615,0
train,0.0070493543,0
train,0.013092421,0
train,0.00997658,0
train,0.043187954,0
train,0.007645263,0
train,0.009921383,0
train,0.046392318,0
train,0.008575851,0
train,0.04565523,0
train,0.047573958,0
train,0.0108674,0
train,0.0078072487,0
train,0.020159524,0
train,0.0054809093,0
train,0.07222305,1
train,0.0030524882,0
train,0.0038848454,0
train,0.008720705,0
train,0.061354328,1
train,0.011781991,0
train,0.0030276736,0
train,0.01594176,0
train,0.0069697173,0
train,0.0056161205,0
train,0.0018964789,0
train,0.006693282,0
train,0.007995137,0
train,0.04716843,0
train,0.046991743,0
train,0.044433117,0
train,0.012862282,0
train,0.006533822,0
train,0.003984483,0
train,0.00435874,0
train,0.009168362,0
train,0.004285233,0
train,0.007670694,0
train,0.0032187838,0
train,0.04997053,0
train,0.0049671694,0
train,0.04518245,0
train,0.04828762,0
train,0.016090201,0
train,0.0046316134,0
train,0.009254408,0
train,0.005855551,0
train,0.002567741,0
train,0.004203701,0
train,0.008725711,0
train,0.0071187057,0
train,0.009691732,0
train,0.006051609,0
train,0.05011169,0
train,0.041271783,0
train,0.04346569,0
train,0.007753116,0
train,0.013795125,0
train,0.00940842,0
train,0.019343402,0
train,0.004917107,0
train,0.011186589,0
train,0.009028411,0
test,0.012996446,0
test,0.011140369,0
test,0.003735294,0
test,0.0055230213,0
test,0.008637981,0
test,0.020815812,0
test,0.006061462,0
test,0.01027077,0
test,0.0029064182,0
test,0.0072562103,0
test,0.051476073,0
test,0.0060473406,0
test,0.003393692,0
test,0.03538455,0
test,0.042025615,0
test,0.005695258,0
test,0.05629755,1
test,0.008650479,0
test,0.009670261,0
test,0.005312227,0
test,0.00974839,0
test,0.007468507,0
test,0.005541802,0
test,0.0061600297,0
test,0.050874423,0
test,0.045054585,0
test,0.043957435,0
test,0.050819006,0
test,0.011500818,0
test,0.043443643,0
test,0.008050194,0
test,0.0063066315,0
test,0.008560324,0
test,0.013673628,0
test,0.01060529,0
test,0.014384993,0
test,0.011625676,0
test,0.020804431,0
test,0.008130837,0
test,0.049629174,0
test,0.005565629,0
test,0.0074278377,0
test,0.0077995122,0
test,0.0420352,0
test,0.018148856,0
test,0.042941336,0
test,0.0018485137,0
test,0.075711876,1
test,0.014990303,0
test,0.013408341,0
test,0.021893296,0
test,0.009077519,0
test,0.0547069,0
test,0.008172104,0
test,0.002624658,0
test,0.052466072,0
test,0.017730854,0
test,0.007740805,0
test,0.0032250984,0
test,0.008685091,0
test,0.0039706496,0
test,0.043801866,0
test,0.00878897,0
test,0.0071275085,0
test,0.011575284,0
test,0.008865327,0
test,0.0033909564,0
test,0.062985756,1
test,0.073196396,1
test,0.005759007,0
test,0.004526247,0
test,0.0034985023,0
test,0.011923842,0
test,0.015716268,0
test,0.010518401,0
test,0.013284551,0
test,0.010947826,0
test,0.008323535,0
test,0.017620549,0
test,0.0062676426,0
test,0.043418027,0
test,0.05975769,1
test,0.008909383,0
test,0.04833097,0
test,0.008856177,0
test,0.0036831927,0
test,0.04529909,0
test,0.005340482,0
test,0.0046471427,0
test,0.0055010575,0
test,0.005254793,0
test,0.007487003,0
test,0.0034012983,0
test,0.007727814,0
test,0.005822106,0
test,0.0091546,0
test,0.03082983,0
test,0.04771011,0
test,0.05814845,1
test,0.012682727,0
test,0.011478193,0
test,0.06052491,1
test,0.011860728,0
test,0.042432874,0
test,0.00534935,0
test,0.012285705,0
test,0.026072271,0
test,0.0056204568,0
test,0.0018824242,0
test,0.016648298,0
test,0.011566251,0
test,0.010436157,0
test,0.005249975,0
test,0.041785892,0
test,0.0027492736,0
test,0.007903722,0
test,0.0142935105,0
test,0.0034429822,0
test,0.004876353,0
test,0.045968577,0
test,0.004767421,0
test,0.0037403589,0
test,0.011674938,0
test,0.0060504507,0
test,0.0038677948,0
test,0.048733667,0
test,0.010602114,0
test,0.056196332,1
test,0.009371214,0
test,0.0063279723,0
test,0.01989122,0
test,0.02386987,0
test,0.012437394,0
test,0.04097799,0
test,0.007952252,0
test,0.06124749,1
test,0.0045410483,0
test,0.014360937,0
test,0.0030003453,0
test,0.073546976,1
test,0.009159545,0
test,0.003003543,0
test,0.019542329,0
test,0.0074585225,0
test,0.0066428166,0
test,0.01000072,0
test,0.044563327,0
test,0.00480081,0
test,0.0478707,0
test,0.0061018127,0
test,0.006218874,0
test,0.052531447,0
test,0.04308786,0
test,0.010880469,0
test,0.0056145512,0
test,0.005001151,0
test,0.013066934,0
test,0.007901425,0
test,0.0074171927,0
test,0.0040443037,0
test,0.010920963,0
test,0.021581303,0
test,0.006869985,0
test,0.014680419,0
test,0.05971611,1
test,0.0071008033,0
test,0.06505178,1
test,0.003322491,0
test,0.0171047,0
test,0.06159048,1
test,0.013055432,0
test,0.008775831,0
test,0.015135864,0
test,0.045077667,0
test,0.003935154,0
test,0.019505695,0
test,0.0065041613,0
test,0.009994461,0
test,0.08838415,1
test,0.0047333585,0
test,0.009537678,0
test,0.09065736,1
test,0.009449374,0
test,0.00789909,0
test,0.011061992,0
test,0.008591537,0
test,0.01297451,0
test,0.06590363,1
test,0.002193751,0
test,0.015921773,0
test,0.050151303,0
test,0.010744717,0
test,0.014435117,0
test,0.0069076014,0
test,0.0020859616,0
test,0.045793727,0
test,0.009393277,0
test,0.058910783,1
test,0.005389307,0
test,0.04638192,0
test,0.051381506,0
test,0.0029209622,0
test,0.058490343,1
test,0.0047635357,0
test,0.008470794,0
test,0.01232318,0
test,0.05049857,0
test,0.0029738261,0
test,0.0012628379,0
test,0.007356767,0
test,0.0065641874,0
test,0.014258637,0
test,0.02109869,0
test,0.003823237,0
test,0.015676133,0
test,0.05204797,0
test,0.011293452,0
test,0.0071168877,0
test,0.048490375,0
test,0.004990773,0
test,0.018429674,0
test,0.003167578,0
test,0.010626006,0
test,0.0046886113,0
test,0.0022569979,0
test,0.0066061513,0
test,0.0036059015,0
test,0.0016794909,0
test,0.010448634,0
test,0.0042148437,0
test,0.050231878,0
test,0.01099141,0
test,0.0054939296,0
test,0.007016957,0
test,0.011579067,0
test,0.013021516,0
test,0.0036702005,0
test,0.04316826,0
test,0.053961802,0
test,0.008044365,0
test,0.008653257,0
test,0.009686509,0
test,0.0038091352,0
test,0.0015703632,0
test,0.04158213,0
test,0.0063668103,0
test,0.02622995,0
test,0.047837313,0
test,0.0024493895,0
test,0.048121527,0
test,0.005148894,0
test,0.005130617,0
test,0.008686443,0
test,0.007496423,0
test,0.009840201,0
test,0.0084094135,0
test,0.053489655,0
test,0.047008526,0
test,0.011072352,0
test,0.0060163625,0
test,0.00803012,0
test,0.01184053,0
test,0.011413703,0
test,0.04910213,0
test,0.0066652386,0
test,0.046752192,0
test,0.011965968,0
test,0.055931445,1
test,0.0053742216,0
test,0.005171356,0
test,0.010845564,0
test,0.009648368,0
test,0.015236645,0
test,0.020810865,0
test,0.0078095715,0
test,0.04869975,0
test,0.04802344,0
test,0.011171338,0
test,0.004552479,0
test,0.0038989345,0
test,0.050374337,0
test,0.0032674733,0
test,0.07955627,1
test,0.010228118,0
test,0.00761281,0
test,0.0013896473,0
test,0.008210806,0
test,0.0471175,0
test,0.009354301,0
test,0.008520665,0
test,0.04674895,0
test,0.0054511935,0
test,0.04675385,0
test,0.061402384,1
test,0.00596412,0
test,0.012874681,0
test,0.0038323998,0
test,0.017560553,0
test,0.002372047,0
test,0.0486295,0
test,0.002071538,0
test,0.05099094,0
test,0.014534749,0
test,0.010685886,0
test,0.04764117,0
test,0.048179384,0
test,0.017283633,0
test,0.014406821,0
test,0.0057815704,0
test,0.060498103,1
test,0.046004847,0
test,0.009945922,0
test,0.021539817,0
test,0.020490512,0
test,0.0067427633,0
test,0.0025831074,0
test,0.0049228603,0
test,0.02378752,0
test,0.045907237,0
test,0.012368021,0
test,0.009955925,0
test,0.014125952,0
test,0.0072598727,0
test,0.008921635,0
test,0.05654459,1
test,0.0089598335,0
test,0.007679124,0
test,0.044388156,0
test,0.01037163,0
test,0.012124028,0
test,0.0115304375,0
test,0.005310453,0
test,0.002302375,0
test,0.010863875,0
test,0.044133022,0
test,0.050815832,0
test,0.006545575,0
test,0.009124658,0
test,0.045732465,0
test,0.01317231,0
test,0.008021194,0
test,0.046501394,0
test,0.04971664,0
test,0.0193516,0
test,0.007300209,0
test,0.016425505,0
test,0.0018877055,0
test,0.002401241,0
test,0.05803015,1
test,0.011446417,0
test,0.05344962,0
test,0.01731269,0
test,0.011600537,0
test,0.010918846,0
test,0.0060418244,0
test,0.023035271,0
test,0.05168661,0
test,0.004482764,0
test,0.0047112466,0
test,0.005425032,0
test,0.011407337,0
test,0.0056391084,0
test,0.017569205,0
test,0.016164547,0
test,0.007707751,0
test,0.0078104013,0
test,0.0048836223,0
test,0.0024724826,0
test,0.012179693,0
test,0.0060660676,0
test,0.006587919,0
test,0.020526716,0
test,0.015032398,0
test,0.0048095537,0
test,0.06013391,1
test,0.003481487,0
test,0.0074443007,0
valid,0.05017301,0
valid,0.013405163,0
valid,0.013565124,0
valid,0.007125795,0
valid,0.0048168777,0
valid,0.009822364,0
valid,0.0067603732,0
valid,0.004726603,0
valid,0.008011906,0
valid,0.00880482,0
valid,0.0023479841,0
valid,0.008063168,0
valid,0.008956838,0
valid,0.0018711687,0
valid,0.0035267866,0
valid,0.007982035,0
valid,0.043194808,0
valid,0.0040194737,0
valid,0.10745955,1
valid,0.0035173288,0
valid,0.015139933,0
valid,0.0652174,1
valid,0.0045785275,0
valid,0.049538,0
valid,0.009191046,0
valid,0.047460914,0
valid,0.04686621,0
valid,0.015128969,0
valid,0.0099910805,0
valid,0.0056938995,0
valid,0.04474999,0
valid,0.01120921,0
valid,0.007838038,0
valid,0.046445217,0
valid,0.011051247,0
valid,0.009719783,0
valid,0.0055626268,0
valid,0.043714948,0
valid,0.042167168,0
valid,0.0417476,0
valid,0.053314187,0
valid,0.015042213,0
valid,0.0018828495,0
valid,0.04651782,0
valid,0.046997193,0
valid,0.0027580515,0
valid,0.029167807,0
valid,0.04239239,0
valid,0.013080819,0
valid,0.010355799,0
valid,0.008984429,0
valid,0.044871956,0
valid,0.008620652,0
valid,0.005081153,0
valid,0.0050019682,0
valid,0.043478794,0
valid,0.015124058,0
valid,0.01692623,0
valid,0.003525718,0
valid,0.04805752,0
valid,0.0048175883,0
valid,0.008430863,0
valid,0.004960599,0
valid,0.0025971504,0
valid,0.0050128065,0
valid,0.047897674,0
valid,0.005831374,0
valid,0.054970838,0
valid,0.0064060437,0
valid,0.009307765,0
valid,0.004549803,0
valid,0.059779216,1
valid,0.05289231,0
valid,0.005384205,0
valid,0.056356058,1
valid,0.009179124,0
valid,0.0068665356,0
valid,0.00860969,0
valid,0.008471277,0
valid,0.0028106603,0
valid,0.010856727,0
valid,0.0078729885,0
valid,0.0051228805,0
valid,0.1315143,1
valid,0.008741296,0
valid,0.004658508,0
valid,0.047316656,0
valid,0.005222946,0
valid,0.011244625,0
valid,0.011815517,0
valid,0.007415043,0
valid,0.0066506877,0
valid,0.004255087,0
valid,0.045120746,0
valid,0.0060745846,0
valid,0.009121923,0
valid,0.0070735724,0
valid,0.049006037,0
valid,0.008678627,0
valid,0.0025749274,0
valid,0.05613871,1
valid,0.017126292,0
valid,0.0051423972,0
valid,0.0016956665,0
valid,0.030814242,0
valid,0.0035723413,0
valid,0.013962776,0
valid,0.049855653,0
valid,0.005401859,0
valid,0.01816065,0
valid,0.05924424,1
valid,0.009242695,0
valid,0.011972379,0
valid,0.05276183,0
valid,0.042719632,0
valid,0.0038037319,0
valid,0.049022708,0
valid,0.008155338,0
valid,0.016970586,0
valid,0.01403818,0
valid,0.009745988,0
valid,0.0083317775,0
valid,0.010868618,0
valid,0.0054145628,0
valid,0.0047802045,0
valid,0.0066310675,0
valid,0.006135331,0
valid,0.0153722735,0
valid,0.008741379,0
valid,0.018001972,0
valid,0.0059145438,0
valid,0.060620375,1
valid,0.008089988,0
valid,0.006513716,0
valid,0.0040783547,0
valid,0.0064213537,0
valid,0.007664548,0
valid,0.01373231,0
valid,0.008504683,0
valid,0.017171394,0
valid,0.017084194,0
valid,0.0075248987,0
valid,0.0128263105,0
valid,0.008670963,0
valid,0.012929753,0
valid,0.0055941767,0
valid,0.005474987,0
valid,0.007288256,0
valid,0.042704362,0
valid,0.0021104442,0
valid,0.00962073,0
valid,0.04129751,0
valid,0.0034692571,0
valid,0.017306827,0
valid,0.042661212,0
valid,0.052985474,0
valid,0.006459225,0
valid,0.0067357584,0
valid,0.020676196,0
valid,0.018195875,0
valid,0.10181768,1
valid,0.00920167,0
valid,0.012348112,0
valid,0.0039096065,0
valid,0.008533297,0
valid,0.004467149,0
valid,0.006774042,0
valid,0.01743587,0
valid,0.020269256,0
valid,0.004832034,0
valid,0.003984358,0
valid,0.04727767,0
valid,0.0082447985,0
valid,0.012597338,0
valid,0.044016704,0
valid,0.0039491644,0
valid,0.013969224,0
valid,0.0064767627,0
valid,0.006667286,0
valid,0.05232744,0
valid,0.051256165,0
valid,0.005862363,0
valid,0.0055364408,0
valid,0.010836632,0
valid,0.0135703245,0
valid,0.011112767,0
valid,0.007213921,0
valid,0.063761465,1
valid,0.0078972345,0
valid,0.007267867,0
valid,0.011041386,0
valid,0.013897964,0
valid,0.005652462,0
valid,0.00992505,0
valid,0.042249456,0
valid,0.045095786,0
valid,0.041782092,0
valid,0.04773852,0
valid,0.0066507305,0
valid,0.005054444,0
valid,0.009096404,0
valid,0.046885062,0
valid,0.053069547,0
valid,0.0025410804,0
valid,0.0045590857,0
valid,0.043364357,0
valid,0.0049308185,0
valid,0.0058526807,0
valid,0.04346841,0
valid,0.017180286,0
valid,0.0031578052,0
valid,0.048278823,0
valid,0.012544508,0
valid,0.043708123,0
valid,0.013149146,0
valid,0.04400091,0
valid,0.0077971816,0
valid,0.016817743,0
valid,0.007874065,0
valid,0.009572964,0
valid,0.010271464,0
valid,0.0142065175,0
valid,0.020189594,0
valid,0.051222414,0
valid,0.04276527,0
valid,0.0026265339,0
valid,0.023224007,0
valid,0.027245283,0
valid,0.06795241,1
valid,0.007880057,0
valid,0.0027347694,0
valid,0.048902556,0
valid,0.012084888,0
valid,0.002859309,0
valid,0.05485633,0
valid,0.003551154,0
valid,0.0076944614,0
valid,0.007161616,0
valid,0.008101168,0
valid,0.049830545,0
valid,0.04500837,0
valid,0.0112030795,0
valid,0.006961656,0
valid,0.016464023,0
valid,0.007301596,0
valid,0.0047035636,0
valid,0.0030925525,0
valid,0.007307874,0
valid,0.0074122455,0
valid,0.06269376,1
valid,0.013849062,0
valid,0.009447773,0
valid,0.044151206,0
valid,0.0045146313,0
valid,0.05705498,1
valid,0.007656555,0
valid,0.04823836,0
valid,0.0048180455,0
valid,0.0032387592,0
valid,0.06423384,1
valid,0.012385616,0
valid,0.002127083,0
valid,0.008818238,0
valid,0.0062283752,0
valid,0.047459494,0
valid,0.0150096,0
valid,0.017228995,0
valid,0.01458845,0
valid,0.015059027,0
valid,0.008090361,0
valid,0.0049451883,0
valid,0.014433584,0
valid,0.010076536,0
valid,0.006135668,0
valid,0.01044755,0
valid,0.041658115,0
valid,0.008485467,0
valid,0.0058451705,0
valid,0.006194632,0
valid,0.0072541456,0
valid,0.008013648,0
valid,0.0056723803,0
valid,0.048856366,0
valid,0.011040952,0
valid,0.012049785,0
valid,0.012564716,0
valid,0.056393776,1
valid,0.044674587,0
valid,0.0022184441,0
valid,0.02580928,0
valid,0.011694636,0
valid,0.0058115404,0
valid,0.008710756,0
valid,0.071762346,1
valid,0.0061500687,0
valid,0.007196368,0
valid,0.012526039,0
valid,0.016022597,0
valid,0.004252432,0
valid,0.0012229279,0
valid,0.013044557,0
valid,0.009603736,0
valid,0.008719327,0
valid,0.0067192917,0
valid,0.05669216,1
valid,0.0036636114,0
valid,0.059971366,1
valid,0.0073285894,0
valid,0.009936515,0
valid,0.024069168,0
valid,0.021858968,0
valid,0.04583583,0
valid,0.045486435,0
valid,0.043549296,0
valid,0.041796464,0
valid,0.013163831,0
valid,0.051811554,0
valid,0.006493039,0
valid,0.010480317,0
valid,0.07705347,1
valid,0.05070157,0
valid,0.0034715366,0
valid,0.004222936,0
valid,0.0054054623,0
valid,0.0069113146,0
valid,0.0108619975,0
valid,0.0058464133,0
valid,0.042421337,0
valid,0.009958282,0
valid,0.04247095,0
valid,0.00793022,0
valid,0.001516472,0
valid,0.0066581885,0
valid,0.050923284,0
valid,0.0064174966,0
valid,0.0059536085,0
valid,0.020096371,0
valid,0.011532463,0
valid,0.015552485,0
valid,0.006247263,0
valid,0.048325613,0
valid,0.01326533,0
valid,0.0117485365,0
valid,0.006403232,0
valid,0.010008294,0
valid,0.045477897,0
valid,0.011260838,0
valid,0.0030407638,0
valid,0.0119415475,0
valid,0.0050444775,0
valid,0.015388357,0
valid,0.0065062447,0
valid,0.04690078,0
valid,0.0077882456,0
valid,0.01588384,0
valid,0.036116526,0
valid,0.024387272,0
valid,0.04837128,0
valid,0.015395522,0
valid,0.017105747,0
valid,0.044204757,0
valid,0.005590305,0
valid,0.044916276,0
valid,0.04069197,0
valid,0.0077601816,0
valid,0.049161434,0
valid,0.020670975,0
valid,0.004049517,0
valid,0.010910268,0
valid,0.008761916,0
valid,0.050874006,0
valid,0.015788037,0
valid,0.01478307,0
valid,0.050818328,0
valid,0.04427357,0
valid,0.005414848,0
valid,0.020248795,0
