split,anomaly_score,flag
train,0.47534583426336685,0
train,0.4983463133714988,0
train,0.47113313163576565,0
train,0.4685132991033268,0
train,0.49563472162178446,0
train,0.48593668628729547,0
train,0.5162159607748117,0
train,0.5418721542987072,0
train,0.5104524863421335,0
train,0.5104907854270712,0
train,0.4578445232915154,0
train,0.4938213785062941,0
train,0.45984736088390565,0
train,0.4552810048178094,0
train,0.5236742098387481,0
train,0.49488296099188755,0
train,0.5063427925811235,0
train,0.5147925706875088,0
train,0.46293789840772454,0
train,0.48618573820873506,0
train,0.5199924278869191,0
train,0.5252014046066131,0
train,0.49011398036243436,0
train,0.5445811671872296,0
train,0.5124342031126965,0
train,0.4994176819889036,0
train,0.4501189761562759,0
train,0.5236557807683656,0
train,0.4601709214235404,0
train,0.45669090195129547,0
train,0.5051918645760919,0
train,0.49936840700952395,0
train,0.5140017515075248,0
train,0.5314653152889608,0
train,0.47337759558954445,0
train,0.44919531726159434,0
train,0.5070992784692089,0
train,0.4664219958646038,0
train,0.49003916708746154,0
train,0.47400381745481385,0
train,0.5327370319886295,0
train,0.4959732080497265,0
train,0.4876340645185233,0
train,0.4886796924201362,0
train,0.458762295835623,0
train,0.46121343975778833,0
train,0.48904164773959863,0
train,0.4861559496416291,0
train,0.5141566945799598,0
train,0.46871189218515896,0
train,0.49811319145235644,0
train,0.4951994264697083,0
train,0.5045165806276128,0
train,0.463389561191421,0
train,0.47754781047158873,0
train,0.5464145960434106,0
train,0.46399233492999264,0
train,0.5071880462595731,0
train,0.5044766462877961,0
train,0.4624404630734901,0
train,0.4606855071096269,0
train,0.4684912966291429,0
train,0.4656029214383642,0
train,0.46408522644278627,0
train,0.4857303210546885,0
train,0.5225421299732236,0
train,0.4848603559302606,0
train,0.5321471547286504,0
train,0.5195338171960908,0
train,0.47298426540242045,0
train,0.4730803175044731,0
train,0.466593291361658,0
train,0.5048576277884765,0
train,0.4929857102702742,0
train,0.508661772904605,0
train,0.45137977894269654,0
train,0.4883557042250376,0
train,0.4911682127054599,0
train,0.49184264551536555,0
train,0.5184230830098672,0
train,0.4849697320928561,0
train,0.5118513854735708,0
train,0.48565908023363963,0
train,0.4857355887770296,0
train,0.4994817129451105,0
train,0.5109063416693405,0
train,0.4987621363433001,0
train,0.45970230269116896,0
train,0.5099152316662672,0
train,0.4819068334732211,0
train,0.4562094621405646,0
train,0.5024391243149363,0
train,0.5154586619362043,0
train,0.5179363590017021,0
train,0.4844119545711802,0
train,0.4797731005270684,0
train,0.47950988495478153,0
train,0.4753202319650664,0
train,0.5447342039983795,0
train,0.5013235374112128,0
train,0.4771682386095925,0
train,0.4917665648402731,0
train,0.4729223228568327,0
train,0.4973029731448589,0
train,0.4845454276094089,0
train,0.470746805558975,0
train,0.45974534533023376,0
train,0.5687327901519365,1
train,0.5173766912598208,0
train,0.5139300451634118,0
train,0.479855456068671,0
train,0.4930515812577426,0
train,0.4854568523433654,0
train,0.4748334633378581,0
train,0.512281848265336,0
train,0.4723482698143563,0
train,0.5165027772181598,0
train,0.4811865855791556,0
train,0.4639037257123312,0
train,0.47701115484143447,0
train,0.4671847389242562,0
train,0.4799859346439662,0
train,0.480211719884512,0
train,0.4464044026767467,0
train,0.5284190041662913,0
train,0.48141908417400825,0
train,0.47027752278690327,0
train,0.46454527008104535,0
train,0.5007683802350621,0
train,0.4736521029141975,0
train,0.48535385107508333,0
train,0.5387658698158984,0
train,0.44485343344896344,0
train,0.4656781258210556,0
train,0.4606684602196353,0
train,0.4613282280890484,0
train,0.5405125632316916,0
train,0.4811515879409072,0
train,0.46870430304986027,0
train,0.48258312615398236,0
train,0.5179040155562166,0
train,0.48421522254003574,0
train,0.5023707962389902,0
train,0.47456207283297386,0
train,0.5260220369480398,0
train,0.45657866012772075,0
train,0.5891015680246584,1
train,0.4695595396938257,0
train,0.49993595186945405,0
train,0.507997016119849,0
train,0.4837109117419215,0
train,0.5330379092502194,0
train,0.4967786411928059,0
train,0.5302768464499547,0
train,0.47182424885257057,0
train,0.4861276157955964,0
train,0.5001146114441009,0
train,0.49396746797473745,0
train,0.5262671826908375,0
train,0.4752237206833052,0
train,0.6484866677406855,1
train,0.469448728745125,0
train,0.4679252732204139,0
train,0.5687791402933831,1
train,0.45050048870766335,0
train,0.5002165595931465,0
train,0.4917824877886483,0
train,0.5247793693961542,0
train,0.4739432069003022,0
train,0.4971541923087565,0
train,0.48756379484871226,0
train,0.4978163066950123,0
train,0.48813657522055964,0
train,0.46370509217948214,0
train,0.5330535127074972,0
train,0.479623701198917,0
train,0.47853500338511173,0
train,0.5226161414569822,0
train,0.4669327532323624,0
train,0.5086104044912971,0
train,0.4557050472629266,0
train,0.49215735841252783,0
train,0.5046160701406684,0
train,0.5333852628753618,0
train,0.5414767557372481,0
train,0.5301266825726153,0
train,0.4950967925013705,0
train,0.46705687837862253,0
train,0.4913494900391615,0
train,0.4983787099670913,0
train,0.5033680082518798,0
train,0.5065399120651586,0
train,0.5292966277014588,0
train,0.5027226230739952,0
train,0.4703723738598633,0
train,0.5086199704730401,0
train,0.4807248214272619,0
train,0.46279016207852497,0
train,0.6025474043961065,1
train,0.5425884873140157,0
train,0.5039540501299333,0
train,0.49036541235418424,0
train,0.47306536514777286,0
train,0.47639054162804206,0
train,0.4812073695166481,0
train,0.5091679348672068,0
train,0.5301612796658082,0
train,0.5061379695279452,0
train,0.47274991946004763,0
train,0.5174836911589805,0
train,0.4715478783076536,0
train,0.4810986138307269,0
train,0.4737032010805866,0
train,0.5647715254408856,1
train,0.48468509635593,0
train,0.45672929066223467,0
train,0.4858014055213548,0
train,0.5890842548344201,1
train,0.5078923725572972,0
train,0.4517527382974358,0
train,0.5501354264944412,0
train,0.475548295140547,0
train,0.49206460843506683,0
train,0.49825747260044406,0
train,0.4989737226097713,0
train,0.5173131076911256,0
train,0.46359086337249966,0
train,0.4676825948833391,0
train,0.4983036777179221,0
train,0.45711116291762066,0
train,0.4834314514100482,0
train,0.5043985460003927,0
train,0.4741565986328909,0
train,0.5395078014785246,0
train,0.4849881724744482,0
train,0.5354831024873932,0
train,0.5126899277546174,0
train,0.4860115620693756,0
train,0.4810548509087464,0
train,0.5172748018164249,0
train,0.47680807235772266,0
train,0.44912388527872565,0
train,0.4572673790086263,0
train,0.5030358318593395,0
train,0.4683472966889428,0
train,0.46865353745065136,0
train,0.49576985285949493,0
train,0.48737558620353283,0
train,0.5003688339766545,0
train,0.5096260709586329,0
train,0.4666453762646893,0
train,0.5269426722140184,0
train,0.49572944677876896,0
train,0.5101387677189279,0
train,0.5000418638067092,0
train,0.45276373455107605,0
train,0.47046395755686254,0
train,0.5315695506336668,0
train,0.501927305618021,0
train,0.5036008078845774,0
train,0.48099798659219967,0
train,0.5925006428695667,1
train,0.5212434697795336,0
train,0.47893016973061564,0
train,0.4962900218454126,0
train,0.4853564944399209,0
train,0.46526211749213137,0
train,0.4563283431428798,0
train,0.48360994082784836,0
train,0.49481064173091255,0
train,0.5463750256402088,0
train,0.4919217760367121,0
train,0.47798959169491173,0
train,0.48204659988722603,0
train,0.5100397541825793,0
train,0.5722487308881964,1
train,0.475545397118992,0
train,0.6110396989642077,1
train,0.5077816593235759,0
train,0.47923080716933275,0
train,0.45470102367439674,0
train,0.46959192375430037,0
train,0.5059477426168394,0
train,0.552812624814213,0
train,0.5071629081873745,0
train,0.5543427218142066,0
train,0.4956558129027302,0
train,0.4843329079375307,0
train,0.5313550813867511,0
train,0.4912648440950721,0
train,0.4624941160440105,0
train,0.48595717233707736,0
train,0.4840080159871512,0
train,0.48981418621087597,0
train,0.4599822395572157,0
train,0.4725224311483913,0
train,0.49147869532814653,0
train,0.5140462789315838,0
train,0.4740623964749487,0
train,0.44489499042613045,0
train,0.5109184539955044,0
train,0.4985281317253212,0
train,0.473946048443866,0
train,0.4684684519990475,0
train,0.4684852400374529,0
train,0.4747401686541292,0
train,0.44901828858288323,0
train,0.4549890626426919,0
train,0.4904342707593188,0
train,0.4819050439774267,0
train,0.5173503802483268,0
train,0.4673299838394471,0
train,0.46480940266531906,0
train,0.5093856724842937,0
train,0.49318844178500315,0
train,0.4692754931552673,0
train,0.49943647635101235,0
train,0.4609324266614644,0
train,0.4633461606733595,0
train,0.5063296327911742,0
train,0.5080521764969608,0
train,0.541505912600583,0
train,0.49871912442122607,0
train,0.4706526042788227,0
train,0.5006803586692147,0
train,0.4977236652279636,0
train,0.5026478061261961,0
train,0.484149651786574,0
train,0.6112300130158969,1
train,0.49826274977097446,0
train,0.5068428525610256,0
train,0.497700442710737,0
train,0.45836771384531927,0
train,0.5589453342782679,1
train,0.4696056299252624,0
train,0.5106594617822979,0
train,0.498341146355987,0
train,0.47589546143738987,0
train,0.4595704181538897,0
train,0.49682666253285707,0
train,0.4988910679357519,0
train,0.4855842645644966,0
train,0.4990024948686279,0
train,0.4878050396178669,0
train,0.46354655322811533,0
train,0.5221878626361404,0
train,0.5069523102586622,0
train,0.4750682327090931,0
train,0.47054067264515803,0
train,0.4705733978216337,0
train,0.4599586919798294,0
train,0.5284741703142053,0
train,0.479352015795394,0
train,0.4870602185320951,0
train,0.46426343572006595,0
train,0.4752373240622602,0
train,0.5123945160780795,0
train,0.5390945767400648,0
train,0.46360962813607676,0
train,0.4716685347691753,0
train,0.4851947328939952,0
train,0.5072128304731846,0
train,0.46959666944909295,0
train,0.5286239584991227,0
train,0.5160552182346108,0
train,0.4476286804669326,0
train,0.4838768630972904,0
train,0.48090627731187013,0
train,0.5099898898152269,0
train,0.4632438593523769,0
train,0.5307700606337427,0
train,0.4636926460265855,0
train,0.5078110664212276,0
train,0.4884842060615047,0
train,0.47449954529081123,0
train,0.4956300460267381,0
train,0.46832074980402033,0
train,0.45961363562634283,0
train,0.4808324871666071,0
train,0.5136812764077109,0
train,0.472138019431877,0
train,0.4858174513444266,0
train,0.49426104530381365,0
train,0.5145606821520599,0
train,0.5229583408103792,0
train,0.4776274021700967,0
train,0.466931456884257,0
train,0.5407757481485221,0
train,0.4922299524343847,0
train,0.5209372102948975,0
train,0.4737795362107946,0
train,0.5953785805130595,1
train,0.49369578971365946,0
train,0.4581465381599299,0
train,0.4630691943211177,0
train,0.5060492652767179,0
train,0.4924424909252524,0
train,0.4639874204144393,0
train,0.5084907755896007,0
train,0.5245021626794719,0
train,0.5044535252297921,0
train,0.5192702360334627,0
train,0.5073729363299238,0
train,0.48818896960995445,0
train,0.49747247321382293,0
train,0.4553452781738375,0
train,0.45834705462321335,0
train,0.4795227719268151,0
train,0.48757643331727907,0
train,0.4701621261130992,0
train,0.4612069908698867,0
train,0.46944313310086183,0
train,0.4744169373470609,0
train,0.5503255384381437,0
train,0.5319237520221777,0
train,0.5118972700208649,0
train,0.5249002550089275,0
train,0.47057165900911746,0
train,0.46277651535678055,0
train,0.471621449819629,0
train,0.47251782262711306,0
train,0.4519670601616514,0
train,0.503226294497296,0
train,0.4803533788991729,0
train,0.525525607812281,0
train,0.5077634870112945,0
train,0.510285910609908,0
train,0.4900414234452434,0
train,0.5126012066964017,0
train,0.5411762928600501,0
train,0.49573748433019477,0
train,0.48212729192959947,0
train,0.4994260628166364,0
train,0.5201251065483032,0
train,0.47161086555746945,0
train,0.5135689218804742,0
train,0.5018149510805894,0
train,0.5187734191961418,0
train,0.5052973572924996,0
train,0.5105737425497169,0
train,0.4888369532051659,0
train,0.46278570123195034,0
train,0.5103413243306664,0
train,0.5132154260501268,0
train,0.5040620188593915,0
train,0.49833261591878364,0
train,0.4775723849578462,0
train,0.555010965082736,0
train,0.45209148730648213,0
train,0.4805806880960225,0
train,0.48271195127451866,0
train,0.47994906639308565,0
train,0.5113330753729549,0
train,0.5059657444042933,0
train,0.5495870597025871,0
train,0.4676908207348119,0
train,0.4742438920813953,0
train,0.5167066627509768,0
train,0.4616092366840587,0
train,0.45486978211251167,0
train,0.4926074608473607,0
train,0.4821926274719033,0
train,0.47403168606671403,0
train,0.49122665787721087,0
train,0.45571075933874106,0
train,0.5528621208474078,0
train,0.520731322199865,0
train,0.4529174014183227,0
train,0.4855343382381581,0
train,0.5004180127093081,0
train,0.5246531648884697,0
train,0.46722622832229305,0
train,0.5040952166227277,0
train,0.5042124740839744,0
train,0.44385384582301507,0
train,0.4740339341776714,0
train,0.569954040483393,1
train,0.4682499398151482,0
train,0.47900689423894227,0
train,0.5021295530318844,0
train,0.473696086504359,0
train,0.4945281914118212,0
train,0.5000784295426394,0
train,0.5256533306078951,0
train,0.4656170307065336,0
train,0.5540230058521927,0
train,0.4740852510913727,0
train,0.483108600563391,0
train,0.5078820821745157,0
train,0.46844593992968153,0
train,0.4535186043575642,0
train,0.49306263058020705,0
train,0.48049379476416837,0
train,0.4902282709537804,0
train,0.5410412532158086,0
train,0.4660585003754747,0
train,0.4862605299975652,0
train,0.5029669851389801,0
train,0.5083280369305238,0
train,0.5059751627804857,0
train,0.46218355941440753,0
train,0.4714059669043752,0
train,0.5029949189358427,0
train,0.5430876850331102,0
train,0.5099696201713083,0
train,0.5557688550745079,0
train,0.4944656381906422,0
train,0.48079952715619556,0
train,0.5201282360106606,0
train,0.47097051923762195,0
train,0.47508185633806194,0
train,0.4967273354352386,0
train,0.5251910141390254,0
train,0.47740389842756353,0
train,0.48532625181273464,0
train,0.48639890777363365,0
train,0.5324749293300285,0
train,0.5141779980062011,0
train,0.4557919468684382,0
train,0.6013259947361986,1
train,0.4590982249730745,0
train,0.5073371851449497,0
train,0.5306851392414069,0
train,0.5838033903908915,1
train,0.524965339467808,0
train,0.4848638119103264,0
train,0.461947017160642,0
train,0.5280743445961049,0
train,0.5418428894816341,0
train,0.4964664474009295,0
train,0.4717883576988224,0
train,0.5452962546697364,0
train,0.5003871069971844,0
train,0.45939028748239347,0
train,0.4665746971385229,0
train,0.5063848027502862,0
train,0.5105296720141711,0
train,0.5525738194543808,0
train,0.48391448429032297,0
train,0.48331804773853787,0
train,0.48437703898137513,0
train,0.46790955233449655,0
train,0.4991887117892611,0
train,0.4985143656663035,0
train,0.5009687925153515,0
train,0.4787177947399566,0
train,0.4802863617625501,0
train,0.5145615363584748,0
train,0.4835137601962731,0
train,0.4724471973669703,0
train,0.4922626786296034,0
train,0.44928823811144913,0
train,0.516952048621604,0
train,0.5215489159339451,0
train,0.45906853912381557,0
train,0.49944479688935994,0
train,0.47192341520312525,0
train,0.5054134070612544,0
train,0.5070061675944049,0
train,0.469358757460378,0
train,0.5193142566056077,0
train,0.6138441381288543,1
train,0.4713773274517705,0
train,0.5080594336725976,0
train,0.49140000279999924,0
train,0.49883961955447104,0
train,0.5147345779266407,0
train,0.49392437618797924,0
train,0.5153970470184007,0
train,0.4779553865053668,0
train,0.5150541679914998,0
train,0.5246127593024399,0
train,0.4485895931131168,0
train,0.5162092175159534,0
train,0.4808477776750732,0
train,0.49822636016008204,0
train,0.4655423403875565,0
train,0.5163507559171064,0
train,0.6310977795310749,1
train,0.4720161917906052,0
train,0.5166380813395727,0
train,0.49185763822458334,0
train,0.47436972820947293,0
train,0.5136074294576093,0
train,0.46546059917072835,0
train,0.5010165503832124,0
train,0.5774434740873505,1
train,0.49288857312567896,0
train,0.49890168903396276,0
train,0.5044346042897785,0
train,0.5241096365255038,0
train,0.48679100739245706,0
train,0.5287555506683782,0
train,0.45334602120922035,0
train,0.5020419045201332,0
train,0.49745174271608955,0
train,0.4891083165382796,0
train,0.4736418406414725,0
train,0.529693302885912,0
train,0.4928686801962792,0
train,0.4690618337270515,0
train,0.4739301010883716,0
train,0.4823783022729604,0
train,0.498000086167528,0
train,0.48809065387491274,0
train,0.5074014532956322,0
train,0.5478449555037449,0
train,0.503483150018753,0
train,0.48436698839027026,0
train,0.47249686204227737,0
train,0.534804905893923,0
train,0.4600727497288607,0
train,0.4811778324047868,0
train,0.5456655669395323,0
train,0.4908339822005962,0
train,0.4760490326895084,0
train,0.5157237087524154,0
train,0.45017848475924344,0
train,0.4707174847140392,0
train,0.4762967428025731,0
train,0.5323356243849098,0
train,0.5190582932531694,0
train,0.4931076033278405,0
train,0.4999518269005104,0
train,0.5582812014330172,1
train,0.5494480794801103,0
train,0.5059063388916754,0
train,0.501875562585098,0
train,0.4959721390456099,0
train,0.5035880822280301,0
train,0.5402550307289666,0
train,0.4839626015139351,0
train,0.466413617819911,0
train,0.4832840979629948,0
train,0.4949706168293695,0
train,0.5363172299645549,0
train,0.5410806111253121,0
train,0.47918269760757753,0
train,0.48355394904841764,0
train,0.46459154700525157,0
train,0.5878479199068025,1
train,0.49610674299782737,0
train,0.4492220037708037,0
train,0.5001001662712032,0
train,0.46676063029315745,0
train,0.4622825217838903,0
train,0.49056297630621365,0
train,0.48546138906044367,0
train,0.5305455069490957,0
train,0.4864442362587822,0
train,0.481754001799433,0
train,0.483246971171199,0
train,0.49054436724057165,0
train,0.4627235924884961,0
train,0.5342258075466545,0
train,0.4882967882359732,0
train,0.4719580651023635,0
train,0.5830522344742203,1
train,0.460237985469295,0
train,0.4556847674755923,0
train,0.48652927553010555,0
train,0.4803433400226862,0
train,0.49667639825953336,0
train,0.4584999135506177,0
train,0.5124659961037359,0
train,0.4601848074173797,0
train,0.47395081266707656,0
train,0.5960138606971936,1
train,0.48831429363129186,0
train,0.49261360085849754,0
train,0.45137933001277575,0
train,0.5170834415817399,0
train,0.4614562183779598,0
train,0.47220680020251976,0
train,0.483397645765228,0
train,0.6093191784639342,1
train,0.5242242192464521,0
train,0.4872086857700581,0
train,0.4817487734871125,0
train,0.4895579050019307,0
train,0.4722924552153177,0
train,0.4569185300373409,0
train,0.5171526728937949,0
train,0.4844651822900604,0
train,0.48073416750623893,0
train,0.4717664812445683,0
train,0.5702810497365632,1
train,0.5063179340441802,0
train,0.46637641861420553,0
train,0.4722051595056902,0
train,0.5114767475471966,0
train,0.5313777020352932,0
train,0.4705680005040445,0
train,0.47429328021922235,0
train,0.48133125221122514,0
train,0.492844112194392,0
train,0.4616383280483317,0
train,0.47568567045667526,0
train,0.47679187044842436,0
train,0.5035910532661065,0
train,0.5444862467845862,0
train,0.4890797820988166,0
train,0.4732415094284492,0
train,0.5746957137090402,1
train,0.6038022148878879,1
train,0.4622236118261164,0
train,0.4808897749217928,0
train,0.44799255878898026,0
train,0.528774345148949,0
train,0.49946160722263183,0
train,0.47021934952972283,0
train,0.4415650924770205,0
train,0.5847579861525796,1
train,0.49160382937163855,0
train,0.4752422400715014,0
train,0.5351213215747217,0
train,0.4882432020288664,0
train,0.49068953878520233,0
train,0.45993822521134786,0
train,0.5018690853793947,0
train,0.4599570191441301,0
train,0.5356082989352023,0
train,0.46324294713381037,0
train,0.4630896888269878,0
train,0.4907180058221339,0
train,0.4747876825563975,0
train,0.4710926462007213,0
train,0.4801136880085953,0
train,0.4495697756290071,0
train,0.4884262095836209,0
train,0.476101026411673,0
train,0.5080139880523122,0
train,0.600725420848576,1
train,0.5876445735765335,1
train,0.5036021218007591,0
train,0.5340425870148372,0
train,0.48508387313986745,0
train,0.47491287072235616,0
train,0.4913788131524249,0
train,0.5323823098460054,0
train,0.507026036201106,0
train,0.4715714996047039,0
train,0.5127491495732097,0
train,0.4494749124758948,0
train,0.47661327984840557,0
train,0.4744684652130317,0
train,0.48238860894207614,0
train,0.4775757936068005,0
train,0.4572330671975548,0
train,0.4916337547014501,0
train,0.4923024319143177,0
train,0.5215081071806592,0
train,0.4567281652627115,0
train,0.48726982262092455,0
train,0.49412854839988174,0
train,0.5020067073453427,0
train,0.5110497148352521,0
train,0.5082423076437049,0
train,0.49050049030685416,0
train,0.5317238324054049,0
train,0.5098293991462014,0
train,0.45237684610281675,0
train,0.4907594098193893,0
train,0.49124865528079337,0
train,0.4982978909072068,0
train,0.5131159784362639,0
train,0.4731982602959389,0
train,0.47216892474546507,0
train,0.4504528323985119,0
train,0.48381260763504635,0
train,0.5576409705406067,1
train,0.5146409130272585,0
train,0.4928124436091159,0
train,0.4737217998523047,0
train,0.48938787122287103,0
train,0.4975730920059452,0
train,0.49143937854845837,0
train,0.521945684190348,0
train,0.48399914476614064,0
train,0.4737078996013362,0
train,0.510752656477524,0
train,0.4875939196878256,0
train,0.5079832505628399,0
train,0.4590089489267822,0
train,0.5012728312192779,0
train,0.4602577551005028,0
train,0.4911559040647663,0
train,0.46398562984719544,0
train,0.5605999486659089,1
train,0.512744432256041,0
train,0.49150875012843703,0
train,0.5168464156234888,0
train,0.4613561627981626,0
train,0.4583275297269729,0
train,0.48640121982993517,0
train,0.49633049662358153,0
train,0.486664206366836,0
train,0.49056953255044566,0
train,0.5183640543739111,0
train,0.47366905814622456,0
train,0.4872251468028626,0
train,0.5527806747896513,0
train,0.48886503927166947,0
train,0.4850310573388364,0
train,0.4591841799683961,0
train,0.5046074183141568,0
train,0.4598546983713544,0
train,0.46390582489872345,0
train,0.5128813453408994,0
train,0.48624721037375784,0
train,0.5128274460088661,0
train,0.46727851647796287,0
train,0.5242556430016396,0
train,0.45745338494521703,0
train,0.4719577919096702,0
train,0.5167353578263252,0
train,0.5624941147832747,1
train,0.45709030628889774,0
train,0.48510871163177693,0
train,0.5236349596585995,0
train,0.48379726604624257,0
train,0.5199216805421919,0
train,0.5290396496006865,0
train,0.47695778438294584,0
train,0.5313098184976908,0
train,0.5028477435654023,0
train,0.48143348225636706,0
train,0.4580955152597029,0
train,0.5040434106112867,0
train,0.5732505282944642,1
train,0.5469096807905447,0
train,0.4718776070618338,0
train,0.5124541810071187,0
train,0.4862397836269493,0
train,0.5199215230237011,0
train,0.49263933538909327,0
train,0.5466866858106615,0
train,0.4539942962594724,0
train,0.4883161648245272,0
train,0.46589996209295664,0
train,0.494860070947295,0
train,0.48099708578025147,0
train,0.48731371728789846,0
train,0.47621082047145324,0
train,0.5212779422811483,0
train,0.4963402756784598,0
train,0.5345648817306586,0
train,0.5438240386100138,0
train,0.48746009640107324,0
train,0.493476974427807,0
train,0.4666439354044121,0
train,0.4934947236050636,0
train,0.518788065640268,0
train,0.5047303437412989,0
train,0.4661953971331846,0
train,0.4754019473622412,0
train,0.5152779123579514,0
train,0.5097631754212035,0
train,0.5453338475732133,0
train,0.5703249021865451,1
train,0.4679133186171339,0
train,0.4689341816865052,0
train,0.48650666594523423,0
train,0.48094968588754045,0
train,0.51130491869413,0
train,0.512584000814431,0
train,0.5002408883938333,0
train,0.5013779289640077,0
train,0.5508512123894601,0
train,0.4993892469409144,0
train,0.46946240411294055,0
train,0.4633220374491609,0
train,0.5401259606901626,0
train,0.47533150846071975,0
train,0.49802686350340514,0
train,0.4801178692975943,0
train,0.46207858276936764,0
train,0.4817548361829273,0
train,0.48042159612161217,0
train,0.4653194058419855,0
train,0.5168292939318767,0
train,0.5369469012675246,0
train,0.5149072318832942,0
train,0.504913945985704,0
train,0.5475413540555503,0
train,0.4824933258256182,0
train,0.5155905717282683,0
train,0.4738833050557287,0
train,0.467497623664447,0
train,0.4553396959636624,0
train,0.47004653229806076,0
train,0.5028754351037198,0
train,0.51389113203374,0
train,0.4939979042152152,0
train,0.459649303950122,0
train,0.4513228203737037,0
train,0.4780398277588793,0
train,0.4720057058260571,0
train,0.4540268691194449,0
train,0.4971521453570748,0
train,0.5356213639679368,0
train,0.4836283875139287,0
train,0.48691053083622493,0
train,0.47623968939252576,0
train,0.4594975611549542,0
train,0.5398331726386448,0
train,0.4968400264780559,0
train,0.6235489993080222,1
train,0.49854650689374497,0
train,0.5083647620954591,0
train,0.44233801421316615,0
train,0.49096772780995684,0
train,0.5549216492882474,0
train,0.660635290575846,1
train,0.48686260504979106,0
train,0.48300810699710317,0
train,0.5445888024819927,0
train,0.503035518895233,0
train,0.5095509458595271,0
train,0.466383654841969,0
train,0.49860316994913284,0
train,0.4641451766496262,0
train,0.5107923816512236,0
train,0.5594762004388576,1
train,0.46371863487621134,0
train,0.5438874819828975,0
train,0.46873142711421234,0
train,0.48621398612633115,0
train,0.45309642644657433,0
train,0.4738422682283017,0
train,0.5087444935255947,0
train,0.4960698653129279,0
train,0.47542977583319845,0
train,0.5284656600920106,0
train,0.4595501010978067,0
train,0.46596560586111446,0
train,0.46116965890218536,0
train,0.5428907880222557,0
train,0.4885225936421106,0
train,0.5276568180647142,0
train,0.4793106886805915,0
train,0.4892871698661412,0
train,0.47555185434503133,0
train,0.4796792259074974,0
train,0.4734848811565311,0
train,0.5244202085131447,0
train,0.47059929443839754,0
train,0.5260209631343477,0
train,0.47211105304828566,0
train,0.6205931519691475,1
train,0.47249515131116016,0
train,0.5029794962972973,0
train,0.47707057789625684,0
train,0.5258226984638519,0
train,0.44912419918849344,0
train,0.4584720877901589,0
train,0.5050819451972731,0
train,0.4990192643807138,0
train,0.5543653406498076,0
train,0.520009795496481,0
train,0.47569709465871346,0
train,0.5264718714871536,0
train,0.5328574856042989,0
train,0.4767519408138149,0
train,0.48094998914464976,0
train,0.4652359411359665,0
train,0.5185523027828285,0
train,0.49736622875974157,0
train,0.5229869739035992,0
train,0.4646761235930476,0
train,0.4839248049274706,0
train,0.48744150621559806,0
train,0.5323363032895067,0
train,0.5235161012839333,0
train,0.5118183083534729,0
train,0.4763955157400876,0
train,0.5374407967799191,0
train,0.44511211957163027,0
train,0.489706500051448,0
train,0.5463400520216233,0
train,0.5125351542981419,0
train,0.45231940661282927,0
train,0.5017995636205986,0
train,0.4848772927911818,0
train,0.46990093808628425,0
train,0.4854868609808619,0
train,0.5082479450887667,0
train,0.45818460796167754,0
train,0.5434490349265654,0
train,0.47540384601120594,0
train,0.4684643452300483,0
train,0.49958498487345315,0
train,0.46997186530791163,0
train,0.47735258838400063,0
train,0.47556778578877346,0
train,0.47211779452919345,0
train,0.5754743682623568,1
train,0.49476208098110863,0
train,0.5092031429426223,0
train,0.4754892768002838,0
train,0.5008153483120432,0
train,0.5269933979567941,0
train,0.4714260277926655,0
train,0.5578137800402138,1
train,0.48240800947011503,0
train,0.5338447846044586,0
train,0.4899817870764144,0
train,0.5072094224050369,0
train,0.5128941648339557,0
train,0.5180821723622903,0
train,0.47583823087654614,0
train,0.48181279897756346,0
train,0.5759636456486185,1
train,0.4647314976660392,0
train,0.455948845528771,0
train,0.5389070691007463,0
train,0.5746355772187838,1
train,0.47133850913133873,0
train,0.4651469601589142,0
train,0.48534287933293163,0
train,0.4880420569690707,0
train,0.49038792195736847,0
train,0.48464486082256225,0
train,0.49612363225132866,0
train,0.5083002871432122,0
train,0.520926374014035,0
train,0.47338453984508927,0
train,0.4967241309991864,0
train,0.5362079390779617,0
train,0.5449069604533874,0
train,0.4503479727827214,0
train,0.5164543077343852,0
train,0.47535988863022155,0
train,0.4573071511940143,0
train,0.5046490836399452,0
train,0.5184879515368639,0
train,0.4751282910582019,0
train,0.5467907837869451,0
train,0.4945916656576132,0
train,0.4698726390057617,0
train,0.488640168641515,0
train,0.5312203031165491,0
train,0.5667656421739794,1
train,0.46689473269685083,0
train,0.4648647343864444,0
train,0.47445244181741153,0
train,0.466320089081442,0
train,0.46573203894032816,0
train,0.470760839779715,0
train,0.5329891374020738,0
train,0.4576087614512944,0
train,0.48723690067076164,0
train,0.4589071228277581,0
train,0.4554416095171392,0
train,0.5033084722250045,0
train,0.4933128509197972,0
train,0.4961125191499968,0
train,0.5024307049858483,0
train,0.5501187279248781,0
train,0.5041763082991296,0
train,0.49013589660526125,0
train,0.5374695126812224,0
train,0.4822998038884629,0
train,0.49263120275144917,0
train,0.4861785457374845,0
train,0.507133629069935,0
train,0.49554116909499113,0
train,0.5105947147732296,0
train,0.49214654250179446,0
train,0.5577742071425587,1
train,0.48605019358839113,0
train,0.4866960383117429,0
train,0.49015040246195113,0
train,0.4695705937485195,0
train,0.46451596702059555,0
train,0.5017157790313036,0
train,0.4698220717173987,0
train,0.5302451768702678,0
train,0.47101250939470707,0
train,0.49197161743416473,0
train,0.4614357464486581,0
train,0.4839005651673288,0
train,0.47489121554824404,0
train,0.4985445895362338,0
train,0.5163037759535832,0
train,0.5317870161179956,0
train,0.4880471093830105,0
train,0.46952889595877384,0
train,0.48763792301071085,0
train,0.5458012085135102,0
train,0.49849251417809204,0
train,0.4879090208117176,0
train,0.45232209019329683,0
train,0.5227850815830922,0
train,0.48005419036483915,0
train,0.5299181372695888,0
train,0.4749462166670022,0
train,0.48789246784552565,0
train,0.47590940734137427,0
train,0.4835566344043465,0
train,0.5039909376991254,0
train,0.5132206137199544,0
train,0.5058088293680723,0
train,0.5535867732326069,0
train,0.506454050741702,0
train,0.4767463567752899,0
train,0.4858153121088082,0
train,0.5018736324266897,0
train,0.5040365337259486,0
train,0.47355460142477424,0
train,0.5002784809667129,0
train,0.48606989302497483,0
train,0.5398469496963506,0
train,0.5115237425233188,0
train,0.4863762411063171,0
train,0.5090134846533384,0
train,0.49942686360614813,0
train,0.48908401698328724,0
train,0.4727993918284474,0
train,0.4705357946316727,0
train,0.4552967928351912,0
train,0.47866556163372714,0
train,0.46478234343376157,0
train,0.46166593521623867,0
train,0.5045825322106762,0
train,0.4964510886473107,0
train,0.49317845013858413,0
train,0.5459739419018725,0
train,0.4900056994904095,0
train,0.4852828326325868,0
train,0.5043700278416435,0
train,0.49134223533428706,0
train,0.4761656075776093,0
train,0.4992224440938015,0
train,0.48514662071962944,0
train,0.45992852141467705,0
train,0.49300198130548767,0
train,0.4773264735107826,0
train,0.46272179400087415,0
train,0.5627291217922097,1
train,0.5357475542137651,0
train,0.4574180372196083,0
train,0.4749186641502309,0
train,0.47819432836065023,0
train,0.47075924860478824,0
train,0.5429357302600718,0
train,0.4936501265483998,0
train,0.4999547442882315,0
train,0.5049360786812168,0
train,0.5094007933673559,0
train,0.5051905754101805,0
train,0.5014029363502794,0
train,0.4687069713906128,0
train,0.5174017149394383,0
train,0.5171854519907025,0
train,0.480402499542133,0
train,0.4607515735657025,0
train,0.4525839641942501,0
train,0.5314419473944068,0
train,0.47562600149584094,0
train,0.48605165842174725,0
train,0.49722786372482936,0
train,0.4888774421903119,0
train,0.4497133945883288,0
train,0.5861032171092424,1
train,0.5898883440979007,1
train,0.49141591662857115,0
train,0.49066585512985866,0
train,0.5263352497261756,0
train,0.47891399954472313,0
train,0.5240645159223979,0
train,0.4644522754378159,0
train,0.5577216161043533,1
train,0.47210744099248797,0
train,0.46667066241662564,0
train,0.5020492780961785,0
train,0.5075083407833741,0
train,0.5185582512889405,0
train,0.5052502885185359,0
train,0.4887207840917918,0
train,0.49900200707656883,0
train,0.4902960154571799,0
train,0.5047404548676352,0
train,0.5038913726286411,0
train,0.5423615828511111,0
train,0.5551333222781447,0
train,0.49131168290768107,0
train,0.469078959647791,0
train,0.4920878841122457,0
train,0.4816285844296844,0
train,0.4823902608799065,0
train,0.4676476474326535,0
train,0.4691635325040734,0
train,0.4539762747592646,0
train,0.5204709061848211,0
train,0.48156474233830837,0
train,0.4620862990744698,0
train,0.5280859579472096,0
train,0.4881767188774723,0
train,0.49858364355936285,0
train,0.5563023927182534,0
train,0.48375398817411563,0
train,0.5299190446283554,0
train,0.4597755656070565,0
train,0.5166746905311339,0
train,0.4955481720273825,0
train,0.491110512512667,0
train,0.48541608583835505,0
train,0.48158959677202007,0
train,0.5560632956942759,0
train,0.4686800607262049,0
train,0.5491222377245342,0
train,0.49609407106991926,0
train,0.4752823063999213,0
train,0.474790652456662,0
train,0.47477128871652025,0
train,0.518098288386383,0
train,0.4579633930076067,0
train,0.48068387537863766,0
train,0.4798356567176737,0
train,0.5285602137681914,0
train,0.49780979788081825,0
train,0.4763593334489874,0
train,0.4924943804025409,0
train,0.4810324962039761,0
train,0.5214873107123561,0
train,0.46500090230872126,0
train,0.48977223878612336,0
train,0.4913586982510163,0
train,0.5135459655550608,0
train,0.4553991956229617,0
train,0.4803419925697251,0
train,0.5774862962734754,1
train,0.48778598471490414,0
train,0.5220286997630468,0
train,0.48455980101050794,0
train,0.5207667702590664,0
train,0.5114463128903416,0
train,0.5031724452217059,0
train,0.4622151183097258,0
train,0.6177072402977286,1
train,0.48064019105728645,0
train,0.5180039924539673,0
train,0.5435388377370161,0
train,0.4961298661792817,0
train,0.525590315872778,0
train,0.4899046192334176,0
train,0.5129071580796176,0
train,0.4489244452575566,0
train,0.5188931624163804,0
train,0.5038363469820974,0
train,0.501807749870688,0
train,0.5230694725752355,0
train,0.5465205764937331,0
train,0.4882656862961258,0
train,0.5825804500567775,1
train,0.48304169494354066,0
train,0.4971493521595215,0
train,0.4691566759283019,0
train,0.47498795956269213,0
train,0.5348797188133056,0
train,0.5009170040747958,0
train,0.4769014244426768,0
train,0.461144765093675,0
train,0.48499150092881005,0
train,0.4904313864847454,0
train,0.48952607855520086,0
train,0.5002598586245582,0
train,0.4648852360089683,0
train,0.4713321750292497,0
train,0.5138288173907413,0
train,0.44463821656835706,0
train,0.5038422934190476,0
train,0.5128721706012423,0
train,0.4635470132762989,0
train,0.48481065412841484,0
train,0.5999418406891144,1
train,0.46966265068221386,0
train,0.5567859633473665,0
train,0.5004626429335277,0
train,0.5741189023793329,1
train,0.490029346850773,0
train,0.5066937635426175,0
train,0.6081974749943365,1
train,0.4834404754578944,0
train,0.5663299864643353,1
train,0.47292759848597754,0
train,0.5132711447005605,0
train,0.5422245940937135,0
train,0.49813701215231176,0
train,0.46232611432927545,0
train,0.45025372890858784,0
train,0.4911541724223351,0
train,0.5093143815834634,0
train,0.4845086029532373,0
train,0.5252483005915878,0
train,0.5036397898521701,0
train,0.48647449021524064,0
train,0.4798019240870223,0
train,0.5469398825008086,0
train,0.4872055515074458,0
train,0.5758497092999617,1
train,0.46246684759028034,0
train,0.5227633206703727,0
train,0.46764959600372635,0
train,0.5064561051410842,0
train,0.49126614203198654,0
train,0.49565266595703833,0
train,0.45714856625751304,0
train,0.47303668147616584,0
train,0.4677465762998498,0
train,0.5101280932473329,0
train,0.550118690316182,0
train,0.5078911440880848,0
train,0.4913613369128683,0
train,0.47749265939769064,0
train,0.44728941213488926,0
train,0.5380997507294005,0
train,0.4839210052801173,0
train,0.5182894764207046,0
train,0.5337440010590957,0
train,0.49663289649134057,0
train,0.4816423186004304,0
train,0.4755312874942693,0
train,0.4718724852549895,0
train,0.515105524842771,0
train,0.46232515077760344,0
train,0.46420899173737884,0
train,0.4726959999447047,0
train,0.4727360888134562,0
train,0.5159717358800816,0
train,0.5402148982317525,0
train,0.4770973124489186,0
train,0.5030366654161621,0
train,0.4684469461913836,0
train,0.472519335287484,0
train,0.49143147145013294,0
train,0.45637182199233595,0
train,0.5310075776716345,0
train,0.48708250666090547,0
train,0.5511977996419585,0
train,0.4997120875388493,0
train,0.45182523408442393,0
train,0.5012092769228962,0
train,0.5264646695407484,0
train,0.5216933886620283,0
train,0.6045247499305494,1
train,0.4950248750697487,0
train,0.5082677962862362,0
train,0.48318950965489244,0
train,0.5083296517622226,0
train,0.4572126374943758,0
train,0.4658915820944946,0
train,0.4899037927505841,0
train,0.4682129878637811,0
train,0.4570174722551917,0
train,0.5071892856518142,0
train,0.47880067325094744,0
train,0.4634867137321355,0
train,0.641484471260856,1
train,0.47872789446448,0
train,0.5030203940766705,0
train,0.5016623945783543,0
train,0.5031875879147452,0
train,0.5111740375292309,0
train,0.5082416868261562,0
train,0.5115113219096129,0
train,0.47974360501479585,0
train,0.468700094230638,0
train,0.4872197372090801,0
train,0.47678802586701624,0
train,0.4939362148985825,0
train,0.51130198419994,0
train,0.534391423850326,0
train,0.4513321548232656,0
train,0.5971457751204585,1
train,0.49883705632830594,0
train,0.4932071664961788,0
train,0.5810092267064507,1
train,0.4800691449423371,0
train,0.48616501668921214,0
train,0.46276555651638057,0
train,0.4782910847542828,0
train,0.45557465859316915,0
train,0.5235807282887265,0
train,0.45697710668223757,0
train,0.5092800953192791,0
train,0.5297243165945671,0
train,0.45012052512881734,0
train,0.4851163361608797,0
train,0.4714906577316896,0
train,0.49763862623556476,0
train,0.47274380378970615,0
train,0.5316237911852177,0
train,0.600468472103591,1
train,0.5883439767742884,1
train,0.4663039424708809,0
train,0.4640277666968873,0
train,0.5211404952369185,0
train,0.5437080566917738,0
train,0.5197511854117192,0
train,0.49608954909941455,0
train,0.47967374242277167,0
train,0.5784696861498086,1
train,0.5189611222230384,0
train,0.46513859936800744,0
train,0.47872013784702055,0
train,0.5105408719496235,0
train,0.5256381163585003,0
train,0.4714307955134977,0
train,0.567607889839707,1
train,0.5451940345304513,0
train,0.530708360793512,0
train,0.47990653487823454,0
train,0.4820317939988236,0
train,0.5065503740642985,0
train,0.4737929074439693,0
train,0.47332387084650995,0
train,0.5034256025460653,0
train,0.476800250309237,0
train,0.4654223788280136,0
train,0.48072438221272584,0
train,0.48313026226783906,0
train,0.4826000598487168,0
train,0.5099109669231293,0
train,0.47037132464016945,0
train,0.48784364146918646,0
train,0.4690801372896548,0
train,0.4523528591905175,0
train,0.4537450807614837,0
train,0.46790677425160454,0
train,0.4917523029186671,0
train,0.5019886871609224,0
train,0.5240404464196454,0
train,0.48567864253256854,0
train,0.5042455764986941,0
train,0.47504816295188274,0
train,0.5302195251530235,0
train,0.4565467700151,0
train,0.48892942737869777,0
train,0.4862720601097418,0
train,0.4861502591758453,0
train,0.4653360826925309,0
train,0.46975481898267657,0
train,0.5100647188499189,0
train,0.537227080755002,0
train,0.527787338946872,0
train,0.49725082976925716,0
train,0.4895150795013024,0
train,0.4697046671357649,0
train,0.472536037142773,0
train,0.49697281711940255,0
train,0.496210647100972,0
train,0.5218754531387643,0
train,0.482073414209061,0
train,0.48964883408678733,0
train,0.5076506588211026,0
train,0.4889283242459708,0
train,0.5608016265926896,1
train,0.49882958982129133,0
train,0.46196469156018805,0
train,0.48463354308716244,0
train,0.49510405783333367,0
train,0.5215899068868237,0
train,0.4968203051071227,0
train,0.45542592651264474,0
train,0.4590790339732212,0
train,0.5030129480037092,0
train,0.5403883638719824,0
train,0.46740623574639145,0
train,0.5228466009404323,0
train,0.4744058544227844,0
train,0.4678603792376474,0
train,0.49691608599943915,0
train,0.5197089792051119,0
train,0.49366217917855526,0
train,0.4668796278351156,0
train,0.47129066156367455,0
train,0.4520717894590584,0
train,0.4459457903880926,0
train,0.5049104686003757,0
train,0.47852066931580506,0
train,0.47910625536414875,0
train,0.5131501384936739,0
train,0.5642414447807974,1
train,0.4807898974059545,0
train,0.5120466709801963,0
train,0.49192073309151507,0
train,0.47464226252466674,0
train,0.5492836342051055,0
train,0.48872728841594637,0
train,0.5033932105132751,0
train,0.46972958923047914,0
train,0.47322948817543165,0
train,0.5691260396576031,1
train,0.48581562857454774,0
train,0.5794682908179576,1
train,0.4727070657437873,0
train,0.4794192756285927,0
train,0.4862514176960235,0
train,0.4631944769511816,0
train,0.4596137429809214,0
train,0.47587471784872004,0
train,0.5121115525763743,0
train,0.484614084701724,0
train,0.48872476995307723,0
train,0.47807035870748055,0
train,0.5140125181247424,0
train,0.4532352651688269,0
train,0.5299942198809258,0
train,0.48292932861546867,0
train,0.4864914831823948,0
train,0.47022875984919804,0
train,0.5091712960467405,0
train,0.48869089286887274,0
train,0.4586785808986143,0
train,0.4903572613706042,0
train,0.4439464140636371,0
train,0.4789815785737306,0
train,0.47410167624823596,0
train,0.5224250390871757,0
train,0.5022852416433264,0
train,0.4835335581484636,0
train,0.5008893480078932,0
train,0.5054843262453999,0
train,0.545975324653366,0
train,0.5052915195220368,0
train,0.5066970174194667,0
train,0.4962786408156858,0
train,0.5182801605287815,0
train,0.4855006933186221,0
train,0.50255807244021,0
train,0.4833708145397163,0
train,0.49535797022794786,0
train,0.4924562918284152,0
train,0.5002192397327481,0
train,0.5457340451226531,0
train,0.5108813382766991,0
train,0.4757671654730987,0
train,0.4973356149949677,0
train,0.5489305366884837,0
train,0.49443753387672035,0
train,0.532613606726206,0
train,0.4575264812025711,0
train,0.49906639777245604,0
train,0.5474068231684477,0
train,0.4925965964758049,0
train,0.6347625610979436,1
train,0.5189786263218887,0
train,0.47567323599873285,0
train,0.5000241332030972,0
train,0.5197918798338355,0
train,0.4707849373960298,0
train,0.5768476811220578,1
train,0.4999720803833826,0
train,0.45618993457703344,0
train,0.4546698227473396,0
train,0.45384531573756265,0
train,0.47344914685487605,0
train,0.5875430534828753,1
train,0.4935738559150257,0
train,0.49884575506524165,0
train,0.47690813571719237,0
train,0.4810236486877458,0
train,0.536884759302681,0
train,0.4882571629019508,0
train,0.5093236197975325,0
train,0.5322973702024573,0
train,0.4597058694335933,0
train,0.4836002093744492,0
train,0.49050283948424633,0
train,0.4812714068352327,0
train,0.5180936956350005,0
train,0.5424012116883996,0
train,0.5355133058657096,0
train,0.48917046200838016,0
train,0.5151330838115705,0
train,0.48993977030592695,0
train,0.46995717197340103,0
train,0.4933397844709844,0
train,0.48167834653063707,0
train,0.5258898059305368,0
train,0.5176153920746361,0
train,0.500452982305283,0
train,0.595347344418659,1
train,0.6102227060403462,1
train,0.527273746665766,0
train,0.48923456836054446,0
train,0.5377163916578082,0
train,0.5013019743568394,0
train,0.46319801378339265,0
train,0.458746127822798,0
train,0.5811174517519289,1
train,0.4687680334006218,0
train,0.4700444067937427,0
train,0.45939386598366544,0
train,0.4910794927519143,0
train,0.4698880976331794,0
train,0.4664092123871976,0
train,0.5044162193098931,0
train,0.48595703254857053,0
train,0.46080871469518786,0
train,0.5185507808302916,0
train,0.4890643909257561,0
train,0.486239716897253,0
train,0.48387176667217724,0
train,0.5770409003037259,1
train,0.5195595223671513,0
train,0.49408712277747296,0
train,0.4499601197463019,0
train,0.4594103268017183,0
train,0.5375176178598827,0
train,0.461810206197611,0
train,0.5605004263549024,1
train,0.4841659819683996,0
train,0.5167911326408413,0
train,0.5235367000094671,0
train,0.4666098150978483,0
train,0.4588168191321534,0
train,0.49661708881344385,0
train,0.531767451218587,0
train,0.4934764587402555,0
train,0.4866543322125128,0
train,0.4911947366490077,0
train,0.4716225867434316,0
train,0.5111333134481717,0
train,0.46560999577825396,0
train,0.5138970278316713,0
train,0.5040684323521443,0
train,0.4721661905471002,0
train,0.48155180075082077,0
train,0.49374034802762684,0
train,0.49563453150254866,0
train,0.4885336313435583,0
train,0.4826386154769178,0
train,0.4765683481163658,0
train,0.5164576800936546,0
train,0.5017883144433264,0
train,0.48397038906573325,0
train,0.5393531725253676,0
train,0.46550355101676233,0
train,0.5025171886665202,0
train,0.4938831012614923,0
train,0.4662827995226273,0
train,0.48553143101502644,0
train,0.4767499509565186,0
train,0.519822964341959,0
train,0.5220227797045264,0
train,0.5118343782040901,0
train,0.5951487399047436,1
train,0.4592844164267662,0
train,0.4504301246056128,0
train,0.5002502460965748,0
train,0.4951254463990654,0
train,0.5202965474389862,0
train,0.48186773517804804,0
train,0.49464865107136136,0
train,0.5364644887434461,0
train,0.46015998569547417,0
train,0.5772534212980798,1
train,0.49325916433263683,0
train,0.504137246293236,0
train,0.5043071148433352,0
train,0.4602826978372897,0
train,0.5065525684624419,0
train,0.5069040733470997,0
train,0.44874428274783906,0
train,0.5032016271871044,0
train,0.5251700493584052,0
train,0.47861984322775264,0
train,0.4931426264915109,0
train,0.49412425478944066,0
train,0.5193840419273285,0
train,0.46844653945672593,0
train,0.4840666030662985,0
train,0.47285367518531196,0
train,0.48186182050709014,0
train,0.6144942088187543,1
train,0.5843565798570913,1
train,0.48129350804253124,0
train,0.5197977318110796,0
train,0.5155475649888079,0
train,0.4901987609631539,0
train,0.5015287226488079,0
train,0.4840127667068969,0
train,0.4974274840456283,0
train,0.5058283568914026,0
train,0.5157550234785432,0
train,0.4877759402246309,0
train,0.559992831559249,1
train,0.49667863150527153,0
train,0.5658220462445421,1
train,0.47409485342388513,0
train,0.5300526158673975,0
train,0.4845206825209906,0
train,0.533234505859763,0
train,0.46175750609634514,0
train,0.48980666103300124,0
train,0.5526014718513517,0
train,0.47105700500513187,0
train,0.5014995444521683,0
train,0.5283064486720176,0
train,0.47802928117839566,0
train,0.5023735742402903,0
train,0.49498821853045705,0
train,0.5110738209238486,0
train,0.48896258606061765,0
train,0.4955641171497703,0
train,0.5608999864494366,1
train,0.4869724609927753,0
train,0.6061122122997229,1
train,0.4559109183677669,0
train,0.45647414326337643,0
train,0.48784711999280256,0
train,0.5629075794624339,1
train,0.4982809270089307,0
train,0.46313110541491154,0
train,0.5698881163782081,1
train,0.47387826408163564,0
train,0.5421544913528973,0
train,0.46562421056679515,0
train,0.4734399662785829,0
train,0.47356286198500386,0
train,0.5041825012935583,0
train,0.5341938275194779,0
train,0.4883543124381611,0
train,0.509380667868155,0
train,0.4768031556661809,0
train,0.47957973786566943,0
train,0.4716794101050809,0
train,0.5688826172427112,1
train,0.5015341135710046,0
train,0.4845126762549794,0
train,0.4723059991447297,0
train,0.5118167037219572,0
train,0.4657505281325629,0
train,0.49007908980177417,0
train,0.4725937462347716,0
train,0.5291274960494108,0
train,0.48579395149805776,0
train,0.4623922196064388,0
train,0.4721072261567536,0
train,0.4546120775003809,0
train,0.46946833920906084,0
train,0.4823978047140752,0
train,0.47161837731268397,0
train,0.48410645819816606,0
train,0.4638265107934576,0
train,0.5263567639397263,0
train,0.5017899560606113,0
train,0.5054450703863078,0
train,0.46542620952602926,0
train,0.5291239664472285,0
train,0.4911878441176808,0
train,0.5380769398680688,0
train,0.5244706280030114,0
train,0.5093117950085814,0
train,0.5176004964126162,0
test,0.5028200184023516,0
test,0.4894034853155769,0
test,0.4602201742590391,0
test,0.48847086914254195,0
test,0.48671664504294354,0
test,0.5121636131447063,0
test,0.48834189249158455,0
test,0.4768431354643027,0
test,0.48841096262477945,0
test,0.508310487612143,0
test,0.5085301458345032,0
test,0.4807897092821673,0
test,0.48220264333355356,0
test,0.6104376416743542,1
test,0.4669829819340068,0
test,0.4697296353111571,0
test,0.5196839711671191,0
test,0.49499487074106335,0
test,0.5115613138027597,0
test,0.4942582317630779,0
test,0.48785109268570054,0
test,0.4801782343346924,0
test,0.5063614161643217,0
test,0.49901233998418265,0
test,0.485625372824933,0
test,0.47779811760681523,0
test,0.4907517666833908,0
test,0.5037314366665836,0
test,0.48183753823915443,0
test,0.5076402727175554,0
test,0.46854853587628337,0
test,0.4564884098441011,0
test,0.4749244290821551,0
test,0.5093674101394309,0
test,0.5038961674716854,0
test,0.4735797222475441,0
test,0.5011322978355893,0
test,0.5614749410658976,1
test,0.4813470246564697,0
test,0.49237480227470765,0
test,0.49618966449413043,0
test,0.4765081286489202,0
test,0.5088607442351208,0
test,0.5024426736928719,0
test,0.5112187918200259,0
test,0.4865678654027604,0
test,0.483864394019119,0
test,0.627658340659234,1
test,0.4973818725983949,0
test,0.47901118185239994,0
test,0.5303266864245793,0
test,0.49260148640492585,0
test,0.488276737827161,0
test,0.543601244137669,0
test,0.5111638881929237,0
test,0.521882574377273,0
test,0.5037042910292742,0
test,0.5213582421297345,0
test,0.49212019485246644,0
test,0.5005938014471137,0
test,0.4631663542356605,0
test,0.48944059904098175,0
test,0.4990298225220764,0
test,0.46735049105242493,0
test,0.480882625065002,0
test,0.48471135413146205,0
test,0.5089696946681005,0
test,0.5288410714842203,0
test,0.6062112149200797,1
test,0.49972110655677154,0
test,0.5051846246363254,0
test,0.4565031085397886,0
test,0.4776858316213314,0
test,0.5282422698319542,0
test,0.5087911598785152,0
test,0.5545100435049262,0
test,0.4844780908579978,0
test,0.47741344054905416,0
test,0.5164903294517547,0
test,0.5221295624702376,0
test,0.46199671766485856,0
test,0.5433043260547984,0
test,0.4751682213732416,0
test,0.4697878840728527,0
test,0.4913111595326564,0
test,0.468781927217126,0
test,0.5024283161180513,0
test,0.4579121061404938,0
test,0.4556351450295947,0
test,0.4732871197933869,0
test,0.489887617031055,0
test,0.4798523980452583,0
test,0.45667473575977363,0
test,0.509509009270125,0
test,0.49743441777698216,0
test,0.4924635313272206,0
test,0.5994974317634999,1
test,0.5092226403656865,0
test,0.5518030013083958,0
test,0.5096042894091446,0
test,0.48362328111839414,0
test,0.532244331952912,0
test,0.5198746201743701,0
test,0.4868584630459227,0
test,0.4821236987457765,0
test,0.5472878647064578,0
test,0.5658714957929066,1
test,0.4989971443856606,0
test,0.49400459655096074,0
test,0.5682757013038601,1
test,0.5083385297949519,0
test,0.5011316719168933,0
test,0.48879580541671797,0
test,0.5053458566821144,0
test,0.4627394230405404,0
test,0.4954906960055488,0
test,0.508564162470447,0
test,0.46761530052036177,0
test,0.4856965918083241,0
test,0.4920062301009121,0
test,0.5050700394598976,0
test,0.4446465036715863,0
test,0.5113151462220987,0
test,0.48742793613859736,0
test,0.44843309913110446,0
test,0.47449631716485274,0
test,0.47859511911641417,0
test,0.5249991455903443,0
test,0.4837016585103141,0
test,0.517195746951793,0
test,0.5017003334187884,0
test,0.529894296591939,0
test,0.5107931034557025,0
test,0.4670074094440965,0
test,0.4800093476562853,0
test,0.493817761903221,0
test,0.48020415283628937,0
test,0.5104259746655323,0
test,0.4804572917111487,0
test,0.5422236660419766,0
test,0.47421185681464123,0
test,0.5001639690584709,0
test,0.558535993800564,1
test,0.510896994101476,0
test,0.4720817752951783,0
test,0.50863604554546,0
test,0.5011938295521962,0
test,0.47263423096758916,0
test,0.46849687906029513,0
test,0.5049027738040057,0
test,0.4679274488120923,0
test,0.5153763106349961,0
test,0.4554159463725239,0
test,0.494874102847955,0
test,0.5385658333885658,0
test,0.4687552855033261,0
test,0.5271592064300131,0
test,0.4676263542373449,0
test,0.49567293055386247,0
test,0.46834114880561656,0
test,0.5002592307699375,0
test,0.5885113975677243,1
test,0.5283942857770695,0
test,0.4932734758948104,0
test,0.5363026337942011,0
test,0.5043731693588355,0
test,0.5174949689756617,0
test,0.4822955048429093,0
test,0.527602325794612,0
test,0.5255059606985548,0
test,0.48198287510366933,0
test,0.4781789659237617,0
test,0.5357530118688401,0
test,0.4665746450064779,0
test,0.48904744557393837,0
test,0.507347473493876,0
test,0.49104039025429547,0
test,0.47754555273600674,0
test,0.5871314700086847,1
test,0.4683170459619919,0
test,0.49444607789827516,0
test,0.5220829659645378,0
test,0.5054049303105126,0
test,0.4640571528761909,0
test,0.4799715307000109,0
test,0.4970975626228874,0
test,0.5199671277968785,0
test,0.5524317793498932,0
test,0.4496514217385458,0
test,0.5343779077681854,0
test,0.5036616328487279,0
test,0.4791528584788735,0
test,0.5347795393599375,0
test,0.46582279785263103,0
test,0.4978348674449556,0
test,0.4893726649879868,0
test,0.5093515828123472,0
test,0.5503081183250439,0
test,0.455064769814117,0
test,0.5055472886819569,0
test,0.5089590906597456,0
test,0.45490163556827734,0
test,0.5365217165667542,0
test,0.4726884852852872,0
test,0.5230148867496045,0
test,0.5878649724145046,1
test,0.47446922478543996,0
test,0.47533224568838606,0
test,0.4731547743771856,0
test,0.4782172721759461,0
test,0.49428333880553366,0
test,0.501975207114766,0
test,0.5878545172523532,1
test,0.4834356253799106,0
test,0.49467032539852107,0
test,0.4811370070048494,0
test,0.5183159158745038,0
test,0.5067916659616636,0
test,0.5005048691430527,0
test,0.4949296390368646,0
test,0.499672990841361,0
test,0.45800985103329866,0
test,0.4971808857195354,0
test,0.4809560840597139,0
test,0.4413534251790217,0
test,0.4882499490193598,0
test,0.46367547151116434,0
test,0.46858688761590017,0
test,0.5511363144914956,0
test,0.46713679852361023,0
test,0.49778092424602954,0
test,0.5079341191484351,0
test,0.5021350315915671,0
test,0.4703184298753073,0
test,0.4957443023307823,0
test,0.5164566547614667,0
test,0.46346450431388614,0
test,0.5047476040346179,0
test,0.5102812105341874,0
test,0.4991478811984204,0
test,0.47472769249887725,0
test,0.4757049187772773,0
test,0.47584309342847264,0
test,0.4561718511026043,0
test,0.5419021624355007,0
test,0.49380011792143885,0
test,0.5770462135302192,1
test,0.5052517914698164,0
test,0.48536406787594805,0
test,0.5138860983063431,0
test,0.49480282045388396,0
test,0.500995167771252,0
test,0.5318289405075565,0
test,0.46454143388961144,0
test,0.4702905133778262,0
test,0.4742100492845944,0
test,0.5319534254264597,0
test,0.5092028606110999,0
test,0.4824551757230233,0
test,0.4718767598988424,0
test,0.4766338634564061,0
test,0.5141713360025029,0
test,0.503416908066276,0
test,0.5007022605236888,0
test,0.46866886316946127,0
test,0.5105276926039541,0
test,0.51988706459257,0
test,0.5602913089804958,1
test,0.4917763178563862,0
test,0.47959249947248,0
test,0.4661765760658588,0
test,0.5317245283898967,0
test,0.5153543858202055,0
test,0.5276063712545859,0
test,0.4737810845207316,0
test,0.482818106694961,0
test,0.5390199479839879,0
test,0.5239017278063803,0
test,0.4969502534981871,0
test,0.4686357741195615,0
test,0.5052541233338124,0
test,0.48367528053015874,0
test,0.594133651862621,1
test,0.5054309802415899,0
test,0.5007185542906935,0
test,0.48268264761245516,0
test,0.5098412434993689,0
test,0.4624705315962255,0
test,0.48545602280055933,0
test,0.49745479474845394,0
test,0.4822701397092652,0
test,0.45407529075435193,0
test,0.4841055650277757,0
test,0.4910081101990114,0
test,0.46496220541857597,0
test,0.6190059664439276,1
test,0.4802794357443266,0
test,0.5257240889722312,0
test,0.4827317634217231,0
test,0.4888579873466242,0
test,0.4608807543763583,0
test,0.48976482295300655,0
test,0.5310965097789919,0
test,0.48800867217232347,0
test,0.5354139299123319,0
test,0.4657651211413701,0
test,0.5071181476996722,0
test,0.49563895268713504,0
test,0.47303805407992894,0
test,0.5302641731041957,0
test,0.5348358121658313,0
test,0.5160161109423852,0
test,0.5690970201657276,1
test,0.5052495808720485,0
test,0.45388033084359136,0
test,0.48513438268252046,0
test,0.47421172853047494,0
test,0.5144163999971745,0
test,0.48538504083489553,0
test,0.5055800832841014,0
test,0.4946042719486462,0
test,0.49984536998244755,0
test,0.4679404445910275,0
test,0.5156632263635711,0
test,0.5543048716557136,0
test,0.47234437537419854,0
test,0.4684495848606631,0
test,0.5079433891154461,0
test,0.48891154234610684,0
test,0.4835627633340124,0
test,0.5220247354133297,0
test,0.5130684607694913,0
test,0.45438752447943737,0
test,0.5119189105640293,0
test,0.4958475265659275,0
test,0.5306712035517704,0
test,0.4709992157884432,0
test,0.5003273487997429,0
test,0.492827042963829,0
test,0.526519117416346,0
test,0.4732783871037791,0
test,0.49826656836303207,0
test,0.5134368097790625,0
test,0.5047869501105745,0
test,0.47465584278365347,0
test,0.5202736155274676,0
test,0.485408701517663,0
test,0.45540547094584083,0
test,0.509570227509924,0
test,0.5332697461787403,0
test,0.48554808575886466,0
test,0.5170319469180416,0
test,0.5258335356063828,0
test,0.49816274688682666,0
test,0.4934140682975548,0
test,0.5115099029858873,0
test,0.5461095134553514,0
test,0.4538661427905843,0
test,0.4680085158894849,0
test,0.48095855675570415,0
test,0.48707808059835433,0
test,0.5061748032763289,0
test,0.5818064516580272,1
test,0.5314161615523527,0
test,0.5018415050085387,0
test,0.4789968030958537,0
test,0.4595097576799369,0
test,0.4613678801001638,0
test,0.530948164029386,0
test,0.47750936826401197,0
test,0.4747313292287946,0
test,0.52324400641826,0
test,0.49071803113509427,0
test,0.4713956937222541,0
test,0.5215231139869069,0
test,0.46515130959400836,0
test,0.4718841355083236,0
valid,0.4688751810087796,0
valid,0.4965297430354536,0
valid,0.5481104309806618,0
valid,0.5226609891877044,0
valid,0.4726157328146068,0
valid,0.4879158862363714,0
valid,0.47454604262702127,0
valid,0.46794312312052694,0
valid,0.48601145908548693,0
valid,0.5161647850867462,0
valid,0.48997717065369384,0
valid,0.4652764608106745,0
valid,0.5104419671543255,0
valid,0.44244812593704813,0
valid,0.5292962610516563,0
valid,0.5157176523824217,0
valid,0.5060032473652809,0
valid,0.5414141324037203,0
valid,0.5467567140076995,0
valid,0.492412062484888,0
valid,0.4960715186736126,0
valid,0.5412017810063574,0
valid,0.4697396380338069,0
valid,0.4917049792518809,0
valid,0.526521283791304,0
valid,0.5073917874027171,0
valid,0.5042421102845682,0
valid,0.5299267538036846,0
valid,0.4997646883970931,0
valid,0.4816354016870567,0
valid,0.48469793603961814,0
valid,0.481442700826105,0
valid,0.4978842101358299,0
valid,0.4998231958942095,0
valid,0.4979074621637012,0
valid,0.506637322171899,0
valid,0.48411785089569914,0
valid,0.4941159232564153,0
valid,0.5812631502397744,1
valid,0.45769714664363187,0
valid,0.499909594079953,0
valid,0.5000458520661254,0
valid,0.4779210556360666,0
valid,0.5033831196805145,0
valid,0.47722922217941055,0
valid,0.4636681542494624,0
valid,0.5481770730413855,0
valid,0.47325209984973815,0
valid,0.4971123969837855,0
valid,0.4912034865269083,0
valid,0.47488933638847125,0
valid,0.48766628280402186,0
valid,0.5170512473340915,0
valid,0.4875212171342956,0
valid,0.5142012058054127,0
valid,0.4667066785867345,0
valid,0.5038612494607592,0
valid,0.5240606791287858,0
valid,0.45428627839215957,0
valid,0.5277184744215114,0
valid,0.49225466409608176,0
valid,0.4943126187205907,0
valid,0.46264590942517964,0
valid,0.48182859666304867,0
valid,0.48591124502748667,0
valid,0.4722380941533285,0
valid,0.49316306812975946,0
valid,0.514527811070848,0
valid,0.5059029478230174,0
valid,0.45998621817108964,0
valid,0.4652311318248042,0
valid,0.4861757854684336,0
valid,0.5076370385234119,0
valid,0.5115730964934622,0
valid,0.5241082181772971,0
valid,0.4798173270777682,0
valid,0.4922371731479359,0
valid,0.4827079958317731,0
valid,0.5069157332557533,0
valid,0.4588542167243856,0
valid,0.46785257489007415,0
valid,0.48587739050006784,0
valid,0.47334087638568545,0
valid,0.5880582011389369,1
valid,0.48981386107482655,0
valid,0.46830185360468973,0
valid,0.5223896547420647,0
valid,0.4673789543547031,0
valid,0.514755817581439,0
valid,0.4953704286337843,0
valid,0.49536863456435387,0
valid,0.4852178798034048,0
valid,0.47095569526101844,0
valid,0.5063629662006635,0
valid,0.4772075878244046,0
valid,0.46631617880241993,0
valid,0.4762863524892217,0
valid,0.5651905642530688,1
valid,0.4792651758701155,0
valid,0.45143563123908026,0
valid,0.5023074872089018,0
valid,0.5090272838508696,0
valid,0.47234152673106466,0
valid,0.4934685272373916,0
valid,0.57868859479417,1
valid,0.49548471178171677,0
valid,0.5148180465352465,0
valid,0.5088088026947213,0
valid,0.4758054117170487,0
valid,0.4966188355019997,0
valid,0.5228920119007794,0
valid,0.51016849439173,0
valid,0.49176540263533586,0
valid,0.499602587781237,0
valid,0.4945874938930785,0
valid,0.4604916836761675,0
valid,0.5246322018726292,0
valid,0.48786518269259516,0
valid,0.5110818724504161,0
valid,0.5665315318035041,1
valid,0.4837626497354498,0
valid,0.4865085098970035,0
valid,0.4893640879970347,0
valid,0.5171736045068778,0
valid,0.4855670696397993,0
valid,0.5228266125606241,0
valid,0.5052628845565565,0
valid,0.48911913500679544,0
valid,0.5099958472934529,0
valid,0.49531110266481077,0
valid,0.4999742308839552,0
valid,0.5360944909448826,0
valid,0.5021102051895934,0
valid,0.4715851666203044,0
valid,0.5118982794376431,0
valid,0.4704503942660894,0
valid,0.49258458138754324,0
valid,0.5170874364566164,0
valid,0.4654555947922554,0
valid,0.5326717924701484,0
valid,0.5394219499288487,0
valid,0.5157055873594358,0
valid,0.4992649402887795,0
valid,0.5061744014612161,0
valid,0.5072929230946059,0
valid,0.4958898920176382,0
valid,0.52668414961635,0
valid,0.4933082837613683,0
valid,0.469792163856573,0
valid,0.46207219005141376,0
valid,0.4881754366320804,0
valid,0.46101916115637104,0
valid,0.46773004449709954,0
valid,0.5323167980046422,0
valid,0.5806821012587648,1
valid,0.5313357502267179,0
valid,0.4760179598003088,0
valid,0.4836133385915454,0
valid,0.4990237807755831,0
valid,0.4918188641129889,0
valid,0.6126838181304692,1
valid,0.5093926368330223,0
valid,0.5666042722356426,1
valid,0.49866257644755757,0
valid,0.4976589912376619,0
valid,0.4670043974562514,0
valid,0.4948865809560444,0
valid,0.5348574329205524,0
valid,0.5096391403558945,0
valid,0.48939515323303534,0
valid,0.4715473434013233,0
valid,0.5506026882821634,0
valid,0.508345549473248,0
valid,0.506749397096845,0
valid,0.4825806676320662,0
valid,0.4761096458320402,0
valid,0.4964623723528267,0
valid,0.4872426024098968,0
valid,0.4933036924775876,0
valid,0.5339854012491869,0
valid,0.5209472853927937,0
valid,0.5009795278776935,0
valid,0.5059692853203579,0
valid,0.5047023085208543,0
valid,0.48436856057960836,0
valid,0.4969218199325355,0
valid,0.5042334815626575,0
valid,0.5381810679429201,0
valid,0.4779135311594256,0
valid,0.4828355353252814,0
valid,0.49053959720039303,0
valid,0.5048313632109568,0
valid,0.4895921569193119,0
valid,0.5162845528506744,0
valid,0.4705591288759001,0
valid,0.46900038402531546,0
valid,0.4948478522269458,0
valid,0.4818080217617387,0
valid,0.49620304603890086,0
valid,0.5101327901110846,0
valid,0.49913338881714,0
valid,0.4711374302970412,0
valid,0.4975775501199422,0
valid,0.5380191206061004,0
valid,0.5032434507282626,0
valid,0.4953567616024349,0
valid,0.4863353076911983,0
valid,0.4641498558201822,0
valid,0.4807928747726781,0
valid,0.5260647709535783,0
valid,0.4682878723501451,0
valid,0.5001680638036213,0
valid,0.5108661175818182,0
valid,0.49504594607180247,0
valid,0.5178431730033377,0
valid,0.5926984547321108,1
valid,0.4787981687254496,0
valid,0.5278704285429172,0
valid,0.46015641094524806,0
valid,0.503162267271533,0
valid,0.5019813075293614,0
valid,0.5091024558826808,0
valid,0.5076404833920031,0
valid,0.5656337030540721,1
valid,0.492765026543477,0
valid,0.46802323769631393,0
valid,0.496431246337628,0
valid,0.5878210490263177,1
valid,0.5471314105452024,0
valid,0.48360674062522524,0
valid,0.4604378124132028,0
valid,0.4930880085347088,0
valid,0.5086858839101975,0
valid,0.4541574683037023,0
valid,0.4919825957865859,0
valid,0.46049155917450846,0
valid,0.4752555170226173,0
valid,0.48554008352002787,0
valid,0.48192762436917325,0
valid,0.5112812125237458,0
valid,0.4817775400598568,0
valid,0.5384206712847345,0
valid,0.48767193925754426,0
valid,0.5278345949653143,0
valid,0.5234350993442858,0
valid,0.46167058236643677,0
valid,0.44865817011339526,0
valid,0.4822279986496065,0
valid,0.49649126075829264,0
valid,0.5566480514937625,0
valid,0.5260579461103608,0
valid,0.47787170479318086,0
valid,0.4844798812977413,0
valid,0.48576411708284273,0
valid,0.5487887452136111,0
valid,0.4784090247299425,0
valid,0.5234227920771677,0
valid,0.4692777857028492,0
valid,0.47638524910713337,0
valid,0.5790407398148509,1
valid,0.5154651181771944,0
valid,0.48094219137732125,0
valid,0.48258645250610116,0
valid,0.48725980686330067,0
valid,0.49926109782554695,0
valid,0.5037345171760188,0
valid,0.5068077701589218,0
valid,0.5113609487782609,0
valid,0.5071429923228524,0
valid,0.4685007062006351,0
valid,0.4636320117619134,0
valid,0.5127012155872899,0
valid,0.5209954404869058,0
valid,0.47909018784500074,0
valid,0.4879770409077793,0
valid,0.4665425347607615,0
valid,0.5081884027090156,0
valid,0.45179088843903775,0
valid,0.4742854408865347,0
valid,0.49334624446138636,0
valid,0.4727204133784403,0
valid,0.46740277034400696,0
valid,0.49925536581630464,0
valid,0.5103935308300971,0
valid,0.49999756376366583,0
valid,0.502241430944796,0
valid,0.5004485749104812,0
valid,0.49167132722707224,0
valid,0.47865765579953906,0
valid,0.5298243223485677,0
valid,0.5447901374589117,0
valid,0.4599873081449483,0
valid,0.478049039519269,0
valid,0.5840635964192674,1
valid,0.464707449397553,0
valid,0.49108086617060337,0
valid,0.5152273159162405,0
valid,0.5473124792413129,0
valid,0.4660329845862068,0
valid,0.46286707552563533,0
valid,0.5085892927046771,0
valid,0.49604379472081395,0
valid,0.4693015079444169,0
valid,0.48309301636213403,0
valid,0.4823488625594068,0
valid,0.46129834914243095,0
valid,0.5652448348762498,1
valid,0.4757223641475584,0
valid,0.5422418994649861,0
valid,0.5196786999517405,0
valid,0.5487014147452965,0
valid,0.5154260254514104,0
valid,0.5112190133493557,0
valid,0.46479342445462696,0
valid,0.4640029313496608,0
valid,0.5142039158379335,0
valid,0.4940208762913993,0
valid,0.46150503335778453,0
valid,0.4975762352834136,0
valid,0.5821073704980264,1
valid,0.4878378522501472,0
valid,0.47362160120175667,0
valid,0.47292718859661287,0
valid,0.5012839007377402,0
valid,0.48037565168159624,0
valid,0.543915669771557,0
valid,0.4618615434805674,0
valid,0.4937919351513298,0
valid,0.4921255603640409,0
valid,0.4644523526233486,0
valid,0.5076886744406749,0
valid,0.486186425045466,0
valid,0.4897096673741401,0
valid,0.5323541182144492,0
valid,0.48388389767522055,0
valid,0.4835307837489481,0
valid,0.5343949573856447,0
valid,0.5021557092176512,0
valid,0.5200553083382817,0
valid,0.4724893587961127,0
valid,0.49851476201040695,0
valid,0.5133703599342532,0
valid,0.47267571651356166,0
valid,0.46609211928470023,0
valid,0.4883043944899871,0
valid,0.48396765025417393,0
valid,0.5431279446301135,0
valid,0.4558594818664019,0
valid,0.537038987783961,0
valid,0.4764197009068981,0
valid,0.5129441456407324,0
valid,0.47733496960163274,0
valid,0.4618360484495509,0
valid,0.484646712190084,0
valid,0.4987219258126035,0
valid,0.584865586633428,1
valid,0.5339044282620979,0
valid,0.4791062561485949,0
valid,0.5039475608443629,0
valid,0.519744590673171,0
valid,0.45454495571662523,0
valid,0.47007825805031717,0
valid,0.48780278172115726,0
valid,0.5263959271095194,0
valid,0.47909599581027706,0
valid,0.4861602771518231,0
valid,0.5038599605486214,0
valid,0.46249824017924646,0
valid,0.5020856092115701,0
valid,0.47012932287575293,0
valid,0.523151047694131,0
valid,0.5247245154126406,0
valid,0.4991970067575349,0
valid,0.4984904419988528,0
valid,0.4701274720978874,0
valid,0.47141785130234376,0
valid,0.5093029353919766,0
